-- 福田区台账信息抽取主数据初始化（达梦）
-- 来源：/Users/sketch/Documents/福田区台账信息.xlsx
-- 口径：area/org 同步，按楼栋抽取 1 个竖井（shaft），楼层按台账分区生成
-- 设备表：ECMS_D_ST_SHAFTEVICE_D

-- 清理 ID 段
DELETE FROM ECMS_D_ST_MONITOR_PARTITION_BIND WHERE id BETWEEN 8890001 AND 8899999;
DELETE FROM ECMS_D_ST_SHAFT_FLOOR WHERE id BETWEEN 8880001 AND 8889999;
DELETE FROM ECMS_D_ST_MONITOREVICE_BIND_D WHERE id BETWEEN 8870001 AND 8879999;
DELETE FROM ECMS_D_ST_MONITOR WHERE id BETWEEN 8860001 AND 8869999;
DELETE FROM ECMS_D_ST_SHAFTEVICE_D WHERE id BETWEEN 8850001 AND 8859999;
DELETE FROM ECMS_D_ST_ORG WHERE id BETWEEN 8800001 AND 8849999;
DELETE FROM ECMS_D_ST_AREA WHERE id BETWEEN 8800001 AND 8849999;

-- 基础层级（area/org）
INSERT INTO ECMS_D_ST_AREA (id,parent_id,name,type,path_ids,path_names,deleted,sort,created_on,updated_on) VALUES (8800001,0,'深圳供电局','ORG','8800001','深圳供电局',0,1,CURRENT_TIMESTAMP,CURRENT_TIMESTAMP),(8800002,8800001,'福田区','DISTRICT','8800001/8800002','深圳供电局/福田区',0,1,CURRENT_TIMESTAMP,CURRENT_TIMESTAMP),(8800003,8800002,'香蜜湖街道','STREET','8800001/8800002/8800003','深圳供电局/福田区/香蜜湖街道',0,1,CURRENT_TIMESTAMP,CURRENT_TIMESTAMP),(8800004,8800003,'香蜜社区','COMMUNITY','8800001/8800002/8800003/8800004','深圳供电局/福田区/香蜜湖街道/香蜜社区',0,1,CURRENT_TIMESTAMP,CURRENT_TIMESTAMP);
INSERT INTO ECMS_D_ST_ORG (id,parent_id,name,type,path_ids,path_names,deleted,sort,created_on,updated_on) SELECT id,parent_id,name,type,path_ids,path_names,deleted,sort,created_on,updated_on FROM ECMS_D_ST_AREA WHERE id BETWEEN 8800001 AND 8800004;

INSERT INTO ECMS_D_ST_AREA (id,parent_id,name,type,path_ids,path_names,deleted,sort,created_on,updated_on) VALUES (8810001,8800004,'听水居','ESTATE','8800001/8800002/8800003/8800004/8810001','深圳供电局/福田区/香蜜湖街道/香蜜社区/听水居',0,1,CURRENT_TIMESTAMP,CURRENT_TIMESTAMP);
INSERT INTO ECMS_D_ST_ORG (id,parent_id,name,type,path_ids,path_names,deleted,sort,created_on,updated_on) VALUES (8810001,8800004,'听水居','ESTATE','8800001/8800002/8800003/8800004/8810001','深圳供电局/福田区/香蜜湖街道/香蜜社区/听水居',0,1,CURRENT_TIMESTAMP,CURRENT_TIMESTAMP);
INSERT INTO ECMS_D_ST_AREA (id,parent_id,name,type,path_ids,path_names,deleted,sort,created_on,updated_on) VALUES (8810002,8800004,'润雨居','ESTATE','8800001/8800002/8800003/8800004/8810002','深圳供电局/福田区/香蜜湖街道/香蜜社区/润雨居',0,2,CURRENT_TIMESTAMP,CURRENT_TIMESTAMP);
INSERT INTO ECMS_D_ST_ORG (id,parent_id,name,type,path_ids,path_names,deleted,sort,created_on,updated_on) VALUES (8810002,8800004,'润雨居','ESTATE','8800001/8800002/8800003/8800004/8810002','深圳供电局/福田区/香蜜湖街道/香蜜社区/润雨居',0,2,CURRENT_TIMESTAMP,CURRENT_TIMESTAMP);
INSERT INTO ECMS_D_ST_AREA (id,parent_id,name,type,path_ids,path_names,deleted,sort,created_on,updated_on) VALUES (8810003,8800004,'鸣翠居','ESTATE','8800001/8800002/8800003/8800004/8810003','深圳供电局/福田区/香蜜湖街道/香蜜社区/鸣翠居',0,3,CURRENT_TIMESTAMP,CURRENT_TIMESTAMP);
INSERT INTO ECMS_D_ST_ORG (id,parent_id,name,type,path_ids,path_names,deleted,sort,created_on,updated_on) VALUES (8810003,8800004,'鸣翠居','ESTATE','8800001/8800002/8800003/8800004/8810003','深圳供电局/福田区/香蜜湖街道/香蜜社区/鸣翠居',0,3,CURRENT_TIMESTAMP,CURRENT_TIMESTAMP);

-- 楼栋、竖井、楼层 + 设备/监测对象/绑定
INSERT INTO ECMS_D_ST_AREA (id,parent_id,name,type,path_ids,path_names,deleted,sort,created_on,updated_on) VALUES (8820001,8810001,'1栋','BUILDING','8800001/8800002/8800003/8800004/8810001/8820001','深圳供电局/福田区/香蜜湖街道/香蜜社区/听水居/1栋',0,1,CURRENT_TIMESTAMP,CURRENT_TIMESTAMP);
INSERT INTO ECMS_D_ST_ORG (id,parent_id,name,type,path_ids,path_names,deleted,sort,created_on,updated_on) VALUES (8820001,8810001,'1栋','BUILDING','8800001/8800002/8800003/8800004/8810001/8820001','深圳供电局/福田区/香蜜湖街道/香蜜社区/听水居/1栋',0,1,CURRENT_TIMESTAMP,CURRENT_TIMESTAMP);
INSERT INTO ECMS_D_ST_AREA (id,parent_id,name,type,path_ids,path_names,deleted,sort,created_on,updated_on) VALUES (8830001,8820001,'1单元','SHAFT','8800001/8800002/8800003/8800004/8810001/8820001/8830001','深圳供电局/福田区/香蜜湖街道/香蜜社区/听水居/1栋/1单元',0,1,CURRENT_TIMESTAMP,CURRENT_TIMESTAMP);
INSERT INTO ECMS_D_ST_ORG (id,parent_id,name,type,path_ids,path_names,deleted,sort,created_on,updated_on) VALUES (8830001,8820001,'1单元','SHAFT','8800001/8800002/8800003/8800004/8810001/8820001/8830001','深圳供电局/福田区/香蜜湖街道/香蜜社区/听水居/1栋/1单元',0,1,CURRENT_TIMESTAMP,CURRENT_TIMESTAMP);
INSERT INTO ECMS_D_ST_SHAFTEVICE_D (id,device_type,name,area_id,iot_code,model,manufacturer,asset_status,org_id,online_status,deleted,created_on,updated_on,remark) VALUES (8850001,'SHAFT_TEMP','听水居1栋1单元竖井',8830001,'ft-shaft-dev-0001','TMP-V1','LEDGER_IMPORT','待接入',8830001,0,0,CURRENT_TIMESTAMP,CURRENT_TIMESTAMP,'福田区台账抽取');
INSERT INTO ECMS_D_ST_MONITOR (id,name,area_id,area_name,elevator_count,shaft_type,monitor_status,owner_company,device_id,remark,deleted,created_on,updated_on) VALUES (8860001,'听水居1栋1单元竖井',8830001,'深圳供电局/福田区/香蜜湖街道/香蜜社区/听水居/1栋/1单元',1,'POWER','RUNNING','深圳供电局',8850001,'福田区台账抽取',0,CURRENT_TIMESTAMP,CURRENT_TIMESTAMP);
INSERT INTO ECMS_D_ST_MONITOREVICE_BIND_D (id,monitor_id,device_id,bind_status,bind_time,deleted,created_on,updated_on) VALUES (8870001,8860001,8850001,1,CURRENT_TIMESTAMP,0,CURRENT_TIMESTAMP,CURRENT_TIMESTAMP);
INSERT INTO ECMS_D_ST_AREA (id,parent_id,name,type,path_ids,path_names,deleted,sort,created_on,updated_on) VALUES (8840001,8830001,'13层','FLOOR','8800001/8800002/8800003/8800004/8810001/8820001/8830001/8840001','深圳供电局/福田区/香蜜湖街道/香蜜社区/听水居/1栋/1单元/13层',0,13,CURRENT_TIMESTAMP,CURRENT_TIMESTAMP);
INSERT INTO ECMS_D_ST_ORG (id,parent_id,name,type,path_ids,path_names,deleted,sort,created_on,updated_on) VALUES (8840001,8830001,'13层','FLOOR','8800001/8800002/8800003/8800004/8810001/8820001/8830001/8840001','深圳供电局/福田区/香蜜湖街道/香蜜社区/听水居/1栋/1单元/13层',0,13,CURRENT_TIMESTAMP,CURRENT_TIMESTAMP);
INSERT INTO ECMS_D_ST_SHAFT_FLOOR (id,monitor_id,area_id,name,device_id,start_point,end_point,sort,deleted,created_on,updated_on) VALUES (8880001,8860001,8840001,'13层',8850001,0,0,13,0,CURRENT_TIMESTAMP,CURRENT_TIMESTAMP);
INSERT INTO ECMS_D_ST_MONITOR_PARTITION_BIND (id,monitor_id,device_id,shaft_floor_id,partition_id,partition_code,partition_name,data_reference,device_token,partition_no,bind_status,deleted,created_on,updated_on) VALUES (8890001,8860001,8850001,8880001,13,'ft-shaft-dev-0001_TMP_th13','13层分区','/TMP/ft-shaft-dev-0001_TMP_th13','ft-shaft-dev-0001',13,1,0,CURRENT_TIMESTAMP,CURRENT_TIMESTAMP);
UPDATE ECMS_D_ST_MONITOR_PARTITION_BIND SET partition_name = '13层分区[382-387]' WHERE id = 8890001;
INSERT INTO ECMS_D_ST_AREA (id,parent_id,name,type,path_ids,path_names,deleted,sort,created_on,updated_on) VALUES (8840002,8830001,'14层','FLOOR','8800001/8800002/8800003/8800004/8810001/8820001/8830001/8840002','深圳供电局/福田区/香蜜湖街道/香蜜社区/听水居/1栋/1单元/14层',0,14,CURRENT_TIMESTAMP,CURRENT_TIMESTAMP);
INSERT INTO ECMS_D_ST_ORG (id,parent_id,name,type,path_ids,path_names,deleted,sort,created_on,updated_on) VALUES (8840002,8830001,'14层','FLOOR','8800001/8800002/8800003/8800004/8810001/8820001/8830001/8840002','深圳供电局/福田区/香蜜湖街道/香蜜社区/听水居/1栋/1单元/14层',0,14,CURRENT_TIMESTAMP,CURRENT_TIMESTAMP);
INSERT INTO ECMS_D_ST_SHAFT_FLOOR (id,monitor_id,area_id,name,device_id,start_point,end_point,sort,deleted,created_on,updated_on) VALUES (8880002,8860001,8840002,'14层',8850001,0,0,14,0,CURRENT_TIMESTAMP,CURRENT_TIMESTAMP);
INSERT INTO ECMS_D_ST_MONITOR_PARTITION_BIND (id,monitor_id,device_id,shaft_floor_id,partition_id,partition_code,partition_name,data_reference,device_token,partition_no,bind_status,deleted,created_on,updated_on) VALUES (8890002,8860001,8850001,8880002,14,'ft-shaft-dev-0001_TMP_th14','14层分区','/TMP/ft-shaft-dev-0001_TMP_th14','ft-shaft-dev-0001',14,1,0,CURRENT_TIMESTAMP,CURRENT_TIMESTAMP);
UPDATE ECMS_D_ST_MONITOR_PARTITION_BIND SET partition_name = '14层分区[387-390]' WHERE id = 8890002;
INSERT INTO ECMS_D_ST_AREA (id,parent_id,name,type,path_ids,path_names,deleted,sort,created_on,updated_on) VALUES (8840003,8830001,'15层','FLOOR','8800001/8800002/8800003/8800004/8810001/8820001/8830001/8840003','深圳供电局/福田区/香蜜湖街道/香蜜社区/听水居/1栋/1单元/15层',0,15,CURRENT_TIMESTAMP,CURRENT_TIMESTAMP);
INSERT INTO ECMS_D_ST_ORG (id,parent_id,name,type,path_ids,path_names,deleted,sort,created_on,updated_on) VALUES (8840003,8830001,'15层','FLOOR','8800001/8800002/8800003/8800004/8810001/8820001/8830001/8840003','深圳供电局/福田区/香蜜湖街道/香蜜社区/听水居/1栋/1单元/15层',0,15,CURRENT_TIMESTAMP,CURRENT_TIMESTAMP);
INSERT INTO ECMS_D_ST_SHAFT_FLOOR (id,monitor_id,area_id,name,device_id,start_point,end_point,sort,deleted,created_on,updated_on) VALUES (8880003,8860001,8840003,'15层',8850001,0,0,15,0,CURRENT_TIMESTAMP,CURRENT_TIMESTAMP);
INSERT INTO ECMS_D_ST_MONITOR_PARTITION_BIND (id,monitor_id,device_id,shaft_floor_id,partition_id,partition_code,partition_name,data_reference,device_token,partition_no,bind_status,deleted,created_on,updated_on) VALUES (8890003,8860001,8850001,8880003,15,'ft-shaft-dev-0001_TMP_th15','15层分区','/TMP/ft-shaft-dev-0001_TMP_th15','ft-shaft-dev-0001',15,1,0,CURRENT_TIMESTAMP,CURRENT_TIMESTAMP);
UPDATE ECMS_D_ST_MONITOR_PARTITION_BIND SET partition_name = '15层分区[390-393]' WHERE id = 8890003;
INSERT INTO ECMS_D_ST_AREA (id,parent_id,name,type,path_ids,path_names,deleted,sort,created_on,updated_on) VALUES (8840004,8830001,'16层','FLOOR','8800001/8800002/8800003/8800004/8810001/8820001/8830001/8840004','深圳供电局/福田区/香蜜湖街道/香蜜社区/听水居/1栋/1单元/16层',0,16,CURRENT_TIMESTAMP,CURRENT_TIMESTAMP);
INSERT INTO ECMS_D_ST_ORG (id,parent_id,name,type,path_ids,path_names,deleted,sort,created_on,updated_on) VALUES (8840004,8830001,'16层','FLOOR','8800001/8800002/8800003/8800004/8810001/8820001/8830001/8840004','深圳供电局/福田区/香蜜湖街道/香蜜社区/听水居/1栋/1单元/16层',0,16,CURRENT_TIMESTAMP,CURRENT_TIMESTAMP);
INSERT INTO ECMS_D_ST_SHAFT_FLOOR (id,monitor_id,area_id,name,device_id,start_point,end_point,sort,deleted,created_on,updated_on) VALUES (8880004,8860001,8840004,'16层',8850001,0,0,16,0,CURRENT_TIMESTAMP,CURRENT_TIMESTAMP);
INSERT INTO ECMS_D_ST_MONITOR_PARTITION_BIND (id,monitor_id,device_id,shaft_floor_id,partition_id,partition_code,partition_name,data_reference,device_token,partition_no,bind_status,deleted,created_on,updated_on) VALUES (8890004,8860001,8850001,8880004,16,'ft-shaft-dev-0001_TMP_th16','16层分区','/TMP/ft-shaft-dev-0001_TMP_th16','ft-shaft-dev-0001',16,1,0,CURRENT_TIMESTAMP,CURRENT_TIMESTAMP);
UPDATE ECMS_D_ST_MONITOR_PARTITION_BIND SET partition_name = '16层分区[393-399]' WHERE id = 8890004;
INSERT INTO ECMS_D_ST_AREA (id,parent_id,name,type,path_ids,path_names,deleted,sort,created_on,updated_on) VALUES (8840005,8830001,'17层','FLOOR','8800001/8800002/8800003/8800004/8810001/8820001/8830001/8840005','深圳供电局/福田区/香蜜湖街道/香蜜社区/听水居/1栋/1单元/17层',0,17,CURRENT_TIMESTAMP,CURRENT_TIMESTAMP);
INSERT INTO ECMS_D_ST_ORG (id,parent_id,name,type,path_ids,path_names,deleted,sort,created_on,updated_on) VALUES (8840005,8830001,'17层','FLOOR','8800001/8800002/8800003/8800004/8810001/8820001/8830001/8840005','深圳供电局/福田区/香蜜湖街道/香蜜社区/听水居/1栋/1单元/17层',0,17,CURRENT_TIMESTAMP,CURRENT_TIMESTAMP);
INSERT INTO ECMS_D_ST_SHAFT_FLOOR (id,monitor_id,area_id,name,device_id,start_point,end_point,sort,deleted,created_on,updated_on) VALUES (8880005,8860001,8840005,'17层',8850001,0,0,17,0,CURRENT_TIMESTAMP,CURRENT_TIMESTAMP);
INSERT INTO ECMS_D_ST_MONITOR_PARTITION_BIND (id,monitor_id,device_id,shaft_floor_id,partition_id,partition_code,partition_name,data_reference,device_token,partition_no,bind_status,deleted,created_on,updated_on) VALUES (8890005,8860001,8850001,8880005,17,'ft-shaft-dev-0001_TMP_th17','17层分区','/TMP/ft-shaft-dev-0001_TMP_th17','ft-shaft-dev-0001',17,1,0,CURRENT_TIMESTAMP,CURRENT_TIMESTAMP);
UPDATE ECMS_D_ST_MONITOR_PARTITION_BIND SET partition_name = '17层分区[399-402]' WHERE id = 8890005;
INSERT INTO ECMS_D_ST_AREA (id,parent_id,name,type,path_ids,path_names,deleted,sort,created_on,updated_on) VALUES (8840006,8830001,'18层','FLOOR','8800001/8800002/8800003/8800004/8810001/8820001/8830001/8840006','深圳供电局/福田区/香蜜湖街道/香蜜社区/听水居/1栋/1单元/18层',0,18,CURRENT_TIMESTAMP,CURRENT_TIMESTAMP);
INSERT INTO ECMS_D_ST_ORG (id,parent_id,name,type,path_ids,path_names,deleted,sort,created_on,updated_on) VALUES (8840006,8830001,'18层','FLOOR','8800001/8800002/8800003/8800004/8810001/8820001/8830001/8840006','深圳供电局/福田区/香蜜湖街道/香蜜社区/听水居/1栋/1单元/18层',0,18,CURRENT_TIMESTAMP,CURRENT_TIMESTAMP);
INSERT INTO ECMS_D_ST_SHAFT_FLOOR (id,monitor_id,area_id,name,device_id,start_point,end_point,sort,deleted,created_on,updated_on) VALUES (8880006,8860001,8840006,'18层',8850001,0,0,18,0,CURRENT_TIMESTAMP,CURRENT_TIMESTAMP);
INSERT INTO ECMS_D_ST_MONITOR_PARTITION_BIND (id,monitor_id,device_id,shaft_floor_id,partition_id,partition_code,partition_name,data_reference,device_token,partition_no,bind_status,deleted,created_on,updated_on) VALUES (8890006,8860001,8850001,8880006,18,'ft-shaft-dev-0001_TMP_th18','18层分区','/TMP/ft-shaft-dev-0001_TMP_th18','ft-shaft-dev-0001',18,1,0,CURRENT_TIMESTAMP,CURRENT_TIMESTAMP);
UPDATE ECMS_D_ST_MONITOR_PARTITION_BIND SET partition_name = '18层分区[402-411]' WHERE id = 8890006;
INSERT INTO ECMS_D_ST_AREA (id,parent_id,name,type,path_ids,path_names,deleted,sort,created_on,updated_on) VALUES (8840007,8830001,'19层','FLOOR','8800001/8800002/8800003/8800004/8810001/8820001/8830001/8840007','深圳供电局/福田区/香蜜湖街道/香蜜社区/听水居/1栋/1单元/19层',0,19,CURRENT_TIMESTAMP,CURRENT_TIMESTAMP);
INSERT INTO ECMS_D_ST_ORG (id,parent_id,name,type,path_ids,path_names,deleted,sort,created_on,updated_on) VALUES (8840007,8830001,'19层','FLOOR','8800001/8800002/8800003/8800004/8810001/8820001/8830001/8840007','深圳供电局/福田区/香蜜湖街道/香蜜社区/听水居/1栋/1单元/19层',0,19,CURRENT_TIMESTAMP,CURRENT_TIMESTAMP);
INSERT INTO ECMS_D_ST_SHAFT_FLOOR (id,monitor_id,area_id,name,device_id,start_point,end_point,sort,deleted,created_on,updated_on) VALUES (8880007,8860001,8840007,'19层',8850001,0,0,19,0,CURRENT_TIMESTAMP,CURRENT_TIMESTAMP);
INSERT INTO ECMS_D_ST_MONITOR_PARTITION_BIND (id,monitor_id,device_id,shaft_floor_id,partition_id,partition_code,partition_name,data_reference,device_token,partition_no,bind_status,deleted,created_on,updated_on) VALUES (8890007,8860001,8850001,8880007,19,'ft-shaft-dev-0001_TMP_th19','19层分区','/TMP/ft-shaft-dev-0001_TMP_th19','ft-shaft-dev-0001',19,1,0,CURRENT_TIMESTAMP,CURRENT_TIMESTAMP);
UPDATE ECMS_D_ST_MONITOR_PARTITION_BIND SET partition_name = '19层分区[411-414]' WHERE id = 8890007;
INSERT INTO ECMS_D_ST_AREA (id,parent_id,name,type,path_ids,path_names,deleted,sort,created_on,updated_on) VALUES (8840008,8830001,'20层','FLOOR','8800001/8800002/8800003/8800004/8810001/8820001/8830001/8840008','深圳供电局/福田区/香蜜湖街道/香蜜社区/听水居/1栋/1单元/20层',0,20,CURRENT_TIMESTAMP,CURRENT_TIMESTAMP);
INSERT INTO ECMS_D_ST_ORG (id,parent_id,name,type,path_ids,path_names,deleted,sort,created_on,updated_on) VALUES (8840008,8830001,'20层','FLOOR','8800001/8800002/8800003/8800004/8810001/8820001/8830001/8840008','深圳供电局/福田区/香蜜湖街道/香蜜社区/听水居/1栋/1单元/20层',0,20,CURRENT_TIMESTAMP,CURRENT_TIMESTAMP);
INSERT INTO ECMS_D_ST_SHAFT_FLOOR (id,monitor_id,area_id,name,device_id,start_point,end_point,sort,deleted,created_on,updated_on) VALUES (8880008,8860001,8840008,'20层',8850001,0,0,20,0,CURRENT_TIMESTAMP,CURRENT_TIMESTAMP);
INSERT INTO ECMS_D_ST_MONITOR_PARTITION_BIND (id,monitor_id,device_id,shaft_floor_id,partition_id,partition_code,partition_name,data_reference,device_token,partition_no,bind_status,deleted,created_on,updated_on) VALUES (8890008,8860001,8850001,8880008,20,'ft-shaft-dev-0001_TMP_th20','20层分区','/TMP/ft-shaft-dev-0001_TMP_th20','ft-shaft-dev-0001',20,1,0,CURRENT_TIMESTAMP,CURRENT_TIMESTAMP);
UPDATE ECMS_D_ST_MONITOR_PARTITION_BIND SET partition_name = '20层分区[414-417]' WHERE id = 8890008;
INSERT INTO ECMS_D_ST_AREA (id,parent_id,name,type,path_ids,path_names,deleted,sort,created_on,updated_on) VALUES (8840009,8830001,'21层','FLOOR','8800001/8800002/8800003/8800004/8810001/8820001/8830001/8840009','深圳供电局/福田区/香蜜湖街道/香蜜社区/听水居/1栋/1单元/21层',0,21,CURRENT_TIMESTAMP,CURRENT_TIMESTAMP);
INSERT INTO ECMS_D_ST_ORG (id,parent_id,name,type,path_ids,path_names,deleted,sort,created_on,updated_on) VALUES (8840009,8830001,'21层','FLOOR','8800001/8800002/8800003/8800004/8810001/8820001/8830001/8840009','深圳供电局/福田区/香蜜湖街道/香蜜社区/听水居/1栋/1单元/21层',0,21,CURRENT_TIMESTAMP,CURRENT_TIMESTAMP);
INSERT INTO ECMS_D_ST_SHAFT_FLOOR (id,monitor_id,area_id,name,device_id,start_point,end_point,sort,deleted,created_on,updated_on) VALUES (8880009,8860001,8840009,'21层',8850001,0,0,21,0,CURRENT_TIMESTAMP,CURRENT_TIMESTAMP);
INSERT INTO ECMS_D_ST_MONITOR_PARTITION_BIND (id,monitor_id,device_id,shaft_floor_id,partition_id,partition_code,partition_name,data_reference,device_token,partition_no,bind_status,deleted,created_on,updated_on) VALUES (8890009,8860001,8850001,8880009,21,'ft-shaft-dev-0001_TMP_th21','21层分区','/TMP/ft-shaft-dev-0001_TMP_th21','ft-shaft-dev-0001',21,1,0,CURRENT_TIMESTAMP,CURRENT_TIMESTAMP);
UPDATE ECMS_D_ST_MONITOR_PARTITION_BIND SET partition_name = '21层分区[417-421]' WHERE id = 8890009;
INSERT INTO ECMS_D_ST_AREA (id,parent_id,name,type,path_ids,path_names,deleted,sort,created_on,updated_on) VALUES (8820002,8810001,'2栋','BUILDING','8800001/8800002/8800003/8800004/8810001/8820002','深圳供电局/福田区/香蜜湖街道/香蜜社区/听水居/2栋',0,2,CURRENT_TIMESTAMP,CURRENT_TIMESTAMP);
INSERT INTO ECMS_D_ST_ORG (id,parent_id,name,type,path_ids,path_names,deleted,sort,created_on,updated_on) VALUES (8820002,8810001,'2栋','BUILDING','8800001/8800002/8800003/8800004/8810001/8820002','深圳供电局/福田区/香蜜湖街道/香蜜社区/听水居/2栋',0,2,CURRENT_TIMESTAMP,CURRENT_TIMESTAMP);
INSERT INTO ECMS_D_ST_AREA (id,parent_id,name,type,path_ids,path_names,deleted,sort,created_on,updated_on) VALUES (8830002,8820002,'1单元','SHAFT','8800001/8800002/8800003/8800004/8810001/8820002/8830002','深圳供电局/福田区/香蜜湖街道/香蜜社区/听水居/2栋/1单元',0,1,CURRENT_TIMESTAMP,CURRENT_TIMESTAMP);
INSERT INTO ECMS_D_ST_ORG (id,parent_id,name,type,path_ids,path_names,deleted,sort,created_on,updated_on) VALUES (8830002,8820002,'1单元','SHAFT','8800001/8800002/8800003/8800004/8810001/8820002/8830002','深圳供电局/福田区/香蜜湖街道/香蜜社区/听水居/2栋/1单元',0,1,CURRENT_TIMESTAMP,CURRENT_TIMESTAMP);
INSERT INTO ECMS_D_ST_SHAFTEVICE_D (id,device_type,name,area_id,iot_code,model,manufacturer,asset_status,org_id,online_status,deleted,created_on,updated_on,remark) VALUES (8850002,'SHAFT_TEMP','听水居2栋1单元竖井',8830002,'ft-shaft-dev-0002','TMP-V1','LEDGER_IMPORT','待接入',8830002,0,0,CURRENT_TIMESTAMP,CURRENT_TIMESTAMP,'福田区台账抽取');
INSERT INTO ECMS_D_ST_MONITOR (id,name,area_id,area_name,elevator_count,shaft_type,monitor_status,owner_company,device_id,remark,deleted,created_on,updated_on) VALUES (8860002,'听水居2栋1单元竖井',8830002,'深圳供电局/福田区/香蜜湖街道/香蜜社区/听水居/2栋/1单元',1,'POWER','RUNNING','深圳供电局',8850002,'福田区台账抽取',0,CURRENT_TIMESTAMP,CURRENT_TIMESTAMP);
INSERT INTO ECMS_D_ST_MONITOREVICE_BIND_D (id,monitor_id,device_id,bind_status,bind_time,deleted,created_on,updated_on) VALUES (8870002,8860002,8850002,1,CURRENT_TIMESTAMP,0,CURRENT_TIMESTAMP,CURRENT_TIMESTAMP);
INSERT INTO ECMS_D_ST_AREA (id,parent_id,name,type,path_ids,path_names,deleted,sort,created_on,updated_on) VALUES (8840010,8830002,'13层','FLOOR','8800001/8800002/8800003/8800004/8810001/8820002/8830002/8840010','深圳供电局/福田区/香蜜湖街道/香蜜社区/听水居/2栋/1单元/13层',0,13,CURRENT_TIMESTAMP,CURRENT_TIMESTAMP);
INSERT INTO ECMS_D_ST_ORG (id,parent_id,name,type,path_ids,path_names,deleted,sort,created_on,updated_on) VALUES (8840010,8830002,'13层','FLOOR','8800001/8800002/8800003/8800004/8810001/8820002/8830002/8840010','深圳供电局/福田区/香蜜湖街道/香蜜社区/听水居/2栋/1单元/13层',0,13,CURRENT_TIMESTAMP,CURRENT_TIMESTAMP);
INSERT INTO ECMS_D_ST_SHAFT_FLOOR (id,monitor_id,area_id,name,device_id,start_point,end_point,sort,deleted,created_on,updated_on) VALUES (8880010,8860002,8840010,'13层',8850002,0,0,13,0,CURRENT_TIMESTAMP,CURRENT_TIMESTAMP);
INSERT INTO ECMS_D_ST_MONITOR_PARTITION_BIND (id,monitor_id,device_id,shaft_floor_id,partition_id,partition_code,partition_name,data_reference,device_token,partition_no,bind_status,deleted,created_on,updated_on) VALUES (8890010,8860002,8850002,8880010,13,'ft-shaft-dev-0002_TMP_th13','13层分区','/TMP/ft-shaft-dev-0002_TMP_th13','ft-shaft-dev-0002',13,1,0,CURRENT_TIMESTAMP,CURRENT_TIMESTAMP);
UPDATE ECMS_D_ST_MONITOR_PARTITION_BIND SET partition_name = '13层分区[334-341]' WHERE id = 8890010;
INSERT INTO ECMS_D_ST_AREA (id,parent_id,name,type,path_ids,path_names,deleted,sort,created_on,updated_on) VALUES (8840011,8830002,'14层','FLOOR','8800001/8800002/8800003/8800004/8810001/8820002/8830002/8840011','深圳供电局/福田区/香蜜湖街道/香蜜社区/听水居/2栋/1单元/14层',0,14,CURRENT_TIMESTAMP,CURRENT_TIMESTAMP);
INSERT INTO ECMS_D_ST_ORG (id,parent_id,name,type,path_ids,path_names,deleted,sort,created_on,updated_on) VALUES (8840011,8830002,'14层','FLOOR','8800001/8800002/8800003/8800004/8810001/8820002/8830002/8840011','深圳供电局/福田区/香蜜湖街道/香蜜社区/听水居/2栋/1单元/14层',0,14,CURRENT_TIMESTAMP,CURRENT_TIMESTAMP);
INSERT INTO ECMS_D_ST_SHAFT_FLOOR (id,monitor_id,area_id,name,device_id,start_point,end_point,sort,deleted,created_on,updated_on) VALUES (8880011,8860002,8840011,'14层',8850002,0,0,14,0,CURRENT_TIMESTAMP,CURRENT_TIMESTAMP);
INSERT INTO ECMS_D_ST_MONITOR_PARTITION_BIND (id,monitor_id,device_id,shaft_floor_id,partition_id,partition_code,partition_name,data_reference,device_token,partition_no,bind_status,deleted,created_on,updated_on) VALUES (8890011,8860002,8850002,8880011,14,'ft-shaft-dev-0002_TMP_th14','14层分区','/TMP/ft-shaft-dev-0002_TMP_th14','ft-shaft-dev-0002',14,1,0,CURRENT_TIMESTAMP,CURRENT_TIMESTAMP);
UPDATE ECMS_D_ST_MONITOR_PARTITION_BIND SET partition_name = '14层分区[341-344]' WHERE id = 8890011;
INSERT INTO ECMS_D_ST_AREA (id,parent_id,name,type,path_ids,path_names,deleted,sort,created_on,updated_on) VALUES (8840012,8830002,'15层','FLOOR','8800001/8800002/8800003/8800004/8810001/8820002/8830002/8840012','深圳供电局/福田区/香蜜湖街道/香蜜社区/听水居/2栋/1单元/15层',0,15,CURRENT_TIMESTAMP,CURRENT_TIMESTAMP);
INSERT INTO ECMS_D_ST_ORG (id,parent_id,name,type,path_ids,path_names,deleted,sort,created_on,updated_on) VALUES (8840012,8830002,'15层','FLOOR','8800001/8800002/8800003/8800004/8810001/8820002/8830002/8840012','深圳供电局/福田区/香蜜湖街道/香蜜社区/听水居/2栋/1单元/15层',0,15,CURRENT_TIMESTAMP,CURRENT_TIMESTAMP);
INSERT INTO ECMS_D_ST_SHAFT_FLOOR (id,monitor_id,area_id,name,device_id,start_point,end_point,sort,deleted,created_on,updated_on) VALUES (8880012,8860002,8840012,'15层',8850002,0,0,15,0,CURRENT_TIMESTAMP,CURRENT_TIMESTAMP);
INSERT INTO ECMS_D_ST_MONITOR_PARTITION_BIND (id,monitor_id,device_id,shaft_floor_id,partition_id,partition_code,partition_name,data_reference,device_token,partition_no,bind_status,deleted,created_on,updated_on) VALUES (8890012,8860002,8850002,8880012,15,'ft-shaft-dev-0002_TMP_th15','15层分区','/TMP/ft-shaft-dev-0002_TMP_th15','ft-shaft-dev-0002',15,1,0,CURRENT_TIMESTAMP,CURRENT_TIMESTAMP);
UPDATE ECMS_D_ST_MONITOR_PARTITION_BIND SET partition_name = '15层分区[344-347]' WHERE id = 8890012;
INSERT INTO ECMS_D_ST_AREA (id,parent_id,name,type,path_ids,path_names,deleted,sort,created_on,updated_on) VALUES (8840013,8830002,'16层','FLOOR','8800001/8800002/8800003/8800004/8810001/8820002/8830002/8840013','深圳供电局/福田区/香蜜湖街道/香蜜社区/听水居/2栋/1单元/16层',0,16,CURRENT_TIMESTAMP,CURRENT_TIMESTAMP);
INSERT INTO ECMS_D_ST_ORG (id,parent_id,name,type,path_ids,path_names,deleted,sort,created_on,updated_on) VALUES (8840013,8830002,'16层','FLOOR','8800001/8800002/8800003/8800004/8810001/8820002/8830002/8840013','深圳供电局/福田区/香蜜湖街道/香蜜社区/听水居/2栋/1单元/16层',0,16,CURRENT_TIMESTAMP,CURRENT_TIMESTAMP);
INSERT INTO ECMS_D_ST_SHAFT_FLOOR (id,monitor_id,area_id,name,device_id,start_point,end_point,sort,deleted,created_on,updated_on) VALUES (8880013,8860002,8840013,'16层',8850002,0,0,16,0,CURRENT_TIMESTAMP,CURRENT_TIMESTAMP);
INSERT INTO ECMS_D_ST_MONITOR_PARTITION_BIND (id,monitor_id,device_id,shaft_floor_id,partition_id,partition_code,partition_name,data_reference,device_token,partition_no,bind_status,deleted,created_on,updated_on) VALUES (8890013,8860002,8850002,8880013,16,'ft-shaft-dev-0002_TMP_th16','16层分区','/TMP/ft-shaft-dev-0002_TMP_th16','ft-shaft-dev-0002',16,1,0,CURRENT_TIMESTAMP,CURRENT_TIMESTAMP);
UPDATE ECMS_D_ST_MONITOR_PARTITION_BIND SET partition_name = '16层分区[347-350]' WHERE id = 8890013;
INSERT INTO ECMS_D_ST_AREA (id,parent_id,name,type,path_ids,path_names,deleted,sort,created_on,updated_on) VALUES (8840014,8830002,'17层','FLOOR','8800001/8800002/8800003/8800004/8810001/8820002/8830002/8840014','深圳供电局/福田区/香蜜湖街道/香蜜社区/听水居/2栋/1单元/17层',0,17,CURRENT_TIMESTAMP,CURRENT_TIMESTAMP);
INSERT INTO ECMS_D_ST_ORG (id,parent_id,name,type,path_ids,path_names,deleted,sort,created_on,updated_on) VALUES (8840014,8830002,'17层','FLOOR','8800001/8800002/8800003/8800004/8810001/8820002/8830002/8840014','深圳供电局/福田区/香蜜湖街道/香蜜社区/听水居/2栋/1单元/17层',0,17,CURRENT_TIMESTAMP,CURRENT_TIMESTAMP);
INSERT INTO ECMS_D_ST_SHAFT_FLOOR (id,monitor_id,area_id,name,device_id,start_point,end_point,sort,deleted,created_on,updated_on) VALUES (8880014,8860002,8840014,'17层',8850002,0,0,17,0,CURRENT_TIMESTAMP,CURRENT_TIMESTAMP);
INSERT INTO ECMS_D_ST_MONITOR_PARTITION_BIND (id,monitor_id,device_id,shaft_floor_id,partition_id,partition_code,partition_name,data_reference,device_token,partition_no,bind_status,deleted,created_on,updated_on) VALUES (8890014,8860002,8850002,8880014,17,'ft-shaft-dev-0002_TMP_th17','17层分区','/TMP/ft-shaft-dev-0002_TMP_th17','ft-shaft-dev-0002',17,1,0,CURRENT_TIMESTAMP,CURRENT_TIMESTAMP);
UPDATE ECMS_D_ST_MONITOR_PARTITION_BIND SET partition_name = '17层分区[350-353]' WHERE id = 8890014;
INSERT INTO ECMS_D_ST_AREA (id,parent_id,name,type,path_ids,path_names,deleted,sort,created_on,updated_on) VALUES (8840015,8830002,'18层','FLOOR','8800001/8800002/8800003/8800004/8810001/8820002/8830002/8840015','深圳供电局/福田区/香蜜湖街道/香蜜社区/听水居/2栋/1单元/18层',0,18,CURRENT_TIMESTAMP,CURRENT_TIMESTAMP);
INSERT INTO ECMS_D_ST_ORG (id,parent_id,name,type,path_ids,path_names,deleted,sort,created_on,updated_on) VALUES (8840015,8830002,'18层','FLOOR','8800001/8800002/8800003/8800004/8810001/8820002/8830002/8840015','深圳供电局/福田区/香蜜湖街道/香蜜社区/听水居/2栋/1单元/18层',0,18,CURRENT_TIMESTAMP,CURRENT_TIMESTAMP);
INSERT INTO ECMS_D_ST_SHAFT_FLOOR (id,monitor_id,area_id,name,device_id,start_point,end_point,sort,deleted,created_on,updated_on) VALUES (8880015,8860002,8840015,'18层',8850002,0,0,18,0,CURRENT_TIMESTAMP,CURRENT_TIMESTAMP);
INSERT INTO ECMS_D_ST_MONITOR_PARTITION_BIND (id,monitor_id,device_id,shaft_floor_id,partition_id,partition_code,partition_name,data_reference,device_token,partition_no,bind_status,deleted,created_on,updated_on) VALUES (8890015,8860002,8850002,8880015,18,'ft-shaft-dev-0002_TMP_th18','18层分区','/TMP/ft-shaft-dev-0002_TMP_th18','ft-shaft-dev-0002',18,1,0,CURRENT_TIMESTAMP,CURRENT_TIMESTAMP);
UPDATE ECMS_D_ST_MONITOR_PARTITION_BIND SET partition_name = '18层分区[353-356]' WHERE id = 8890015;
INSERT INTO ECMS_D_ST_AREA (id,parent_id,name,type,path_ids,path_names,deleted,sort,created_on,updated_on) VALUES (8840016,8830002,'19层','FLOOR','8800001/8800002/8800003/8800004/8810001/8820002/8830002/8840016','深圳供电局/福田区/香蜜湖街道/香蜜社区/听水居/2栋/1单元/19层',0,19,CURRENT_TIMESTAMP,CURRENT_TIMESTAMP);
INSERT INTO ECMS_D_ST_ORG (id,parent_id,name,type,path_ids,path_names,deleted,sort,created_on,updated_on) VALUES (8840016,8830002,'19层','FLOOR','8800001/8800002/8800003/8800004/8810001/8820002/8830002/8840016','深圳供电局/福田区/香蜜湖街道/香蜜社区/听水居/2栋/1单元/19层',0,19,CURRENT_TIMESTAMP,CURRENT_TIMESTAMP);
INSERT INTO ECMS_D_ST_SHAFT_FLOOR (id,monitor_id,area_id,name,device_id,start_point,end_point,sort,deleted,created_on,updated_on) VALUES (8880016,8860002,8840016,'19层',8850002,0,0,19,0,CURRENT_TIMESTAMP,CURRENT_TIMESTAMP);
INSERT INTO ECMS_D_ST_MONITOR_PARTITION_BIND (id,monitor_id,device_id,shaft_floor_id,partition_id,partition_code,partition_name,data_reference,device_token,partition_no,bind_status,deleted,created_on,updated_on) VALUES (8890016,8860002,8850002,8880016,19,'ft-shaft-dev-0002_TMP_th19','19层分区','/TMP/ft-shaft-dev-0002_TMP_th19','ft-shaft-dev-0002',19,1,0,CURRENT_TIMESTAMP,CURRENT_TIMESTAMP);
UPDATE ECMS_D_ST_MONITOR_PARTITION_BIND SET partition_name = '19层分区[356-360]' WHERE id = 8890016;
INSERT INTO ECMS_D_ST_AREA (id,parent_id,name,type,path_ids,path_names,deleted,sort,created_on,updated_on) VALUES (8840017,8830002,'20层','FLOOR','8800001/8800002/8800003/8800004/8810001/8820002/8830002/8840017','深圳供电局/福田区/香蜜湖街道/香蜜社区/听水居/2栋/1单元/20层',0,20,CURRENT_TIMESTAMP,CURRENT_TIMESTAMP);
INSERT INTO ECMS_D_ST_ORG (id,parent_id,name,type,path_ids,path_names,deleted,sort,created_on,updated_on) VALUES (8840017,8830002,'20层','FLOOR','8800001/8800002/8800003/8800004/8810001/8820002/8830002/8840017','深圳供电局/福田区/香蜜湖街道/香蜜社区/听水居/2栋/1单元/20层',0,20,CURRENT_TIMESTAMP,CURRENT_TIMESTAMP);
INSERT INTO ECMS_D_ST_SHAFT_FLOOR (id,monitor_id,area_id,name,device_id,start_point,end_point,sort,deleted,created_on,updated_on) VALUES (8880017,8860002,8840017,'20层',8850002,0,0,20,0,CURRENT_TIMESTAMP,CURRENT_TIMESTAMP);
INSERT INTO ECMS_D_ST_MONITOR_PARTITION_BIND (id,monitor_id,device_id,shaft_floor_id,partition_id,partition_code,partition_name,data_reference,device_token,partition_no,bind_status,deleted,created_on,updated_on) VALUES (8890017,8860002,8850002,8880017,20,'ft-shaft-dev-0002_TMP_th20','20层分区','/TMP/ft-shaft-dev-0002_TMP_th20','ft-shaft-dev-0002',20,1,0,CURRENT_TIMESTAMP,CURRENT_TIMESTAMP);
UPDATE ECMS_D_ST_MONITOR_PARTITION_BIND SET partition_name = '20层分区[360-363]' WHERE id = 8890017;
INSERT INTO ECMS_D_ST_AREA (id,parent_id,name,type,path_ids,path_names,deleted,sort,created_on,updated_on) VALUES (8840018,8830002,'21层','FLOOR','8800001/8800002/8800003/8800004/8810001/8820002/8830002/8840018','深圳供电局/福田区/香蜜湖街道/香蜜社区/听水居/2栋/1单元/21层',0,21,CURRENT_TIMESTAMP,CURRENT_TIMESTAMP);
INSERT INTO ECMS_D_ST_ORG (id,parent_id,name,type,path_ids,path_names,deleted,sort,created_on,updated_on) VALUES (8840018,8830002,'21层','FLOOR','8800001/8800002/8800003/8800004/8810001/8820002/8830002/8840018','深圳供电局/福田区/香蜜湖街道/香蜜社区/听水居/2栋/1单元/21层',0,21,CURRENT_TIMESTAMP,CURRENT_TIMESTAMP);
INSERT INTO ECMS_D_ST_SHAFT_FLOOR (id,monitor_id,area_id,name,device_id,start_point,end_point,sort,deleted,created_on,updated_on) VALUES (8880018,8860002,8840018,'21层',8850002,0,0,21,0,CURRENT_TIMESTAMP,CURRENT_TIMESTAMP);
INSERT INTO ECMS_D_ST_MONITOR_PARTITION_BIND (id,monitor_id,device_id,shaft_floor_id,partition_id,partition_code,partition_name,data_reference,device_token,partition_no,bind_status,deleted,created_on,updated_on) VALUES (8890018,8860002,8850002,8880018,21,'ft-shaft-dev-0002_TMP_th21','21层分区','/TMP/ft-shaft-dev-0002_TMP_th21','ft-shaft-dev-0002',21,1,0,CURRENT_TIMESTAMP,CURRENT_TIMESTAMP);
UPDATE ECMS_D_ST_MONITOR_PARTITION_BIND SET partition_name = '21层分区[363-366]' WHERE id = 8890018;
INSERT INTO ECMS_D_ST_AREA (id,parent_id,name,type,path_ids,path_names,deleted,sort,created_on,updated_on) VALUES (8820003,8810001,'3栋','BUILDING','8800001/8800002/8800003/8800004/8810001/8820003','深圳供电局/福田区/香蜜湖街道/香蜜社区/听水居/3栋',0,3,CURRENT_TIMESTAMP,CURRENT_TIMESTAMP);
INSERT INTO ECMS_D_ST_ORG (id,parent_id,name,type,path_ids,path_names,deleted,sort,created_on,updated_on) VALUES (8820003,8810001,'3栋','BUILDING','8800001/8800002/8800003/8800004/8810001/8820003','深圳供电局/福田区/香蜜湖街道/香蜜社区/听水居/3栋',0,3,CURRENT_TIMESTAMP,CURRENT_TIMESTAMP);
INSERT INTO ECMS_D_ST_AREA (id,parent_id,name,type,path_ids,path_names,deleted,sort,created_on,updated_on) VALUES (8830003,8820003,'1单元','SHAFT','8800001/8800002/8800003/8800004/8810001/8820003/8830003','深圳供电局/福田区/香蜜湖街道/香蜜社区/听水居/3栋/1单元',0,1,CURRENT_TIMESTAMP,CURRENT_TIMESTAMP);
INSERT INTO ECMS_D_ST_ORG (id,parent_id,name,type,path_ids,path_names,deleted,sort,created_on,updated_on) VALUES (8830003,8820003,'1单元','SHAFT','8800001/8800002/8800003/8800004/8810001/8820003/8830003','深圳供电局/福田区/香蜜湖街道/香蜜社区/听水居/3栋/1单元',0,1,CURRENT_TIMESTAMP,CURRENT_TIMESTAMP);
INSERT INTO ECMS_D_ST_SHAFTEVICE_D (id,device_type,name,area_id,iot_code,model,manufacturer,asset_status,org_id,online_status,deleted,created_on,updated_on,remark) VALUES (8850003,'SHAFT_TEMP','听水居3栋1单元竖井',8830003,'ft-shaft-dev-0003','TMP-V1','LEDGER_IMPORT','待接入',8830003,0,0,CURRENT_TIMESTAMP,CURRENT_TIMESTAMP,'福田区台账抽取');
INSERT INTO ECMS_D_ST_MONITOR (id,name,area_id,area_name,elevator_count,shaft_type,monitor_status,owner_company,device_id,remark,deleted,created_on,updated_on) VALUES (8860003,'听水居3栋1单元竖井',8830003,'深圳供电局/福田区/香蜜湖街道/香蜜社区/听水居/3栋/1单元',1,'POWER','RUNNING','深圳供电局',8850003,'福田区台账抽取',0,CURRENT_TIMESTAMP,CURRENT_TIMESTAMP);
INSERT INTO ECMS_D_ST_MONITOREVICE_BIND_D (id,monitor_id,device_id,bind_status,bind_time,deleted,created_on,updated_on) VALUES (8870003,8860003,8850003,1,CURRENT_TIMESTAMP,0,CURRENT_TIMESTAMP,CURRENT_TIMESTAMP);
INSERT INTO ECMS_D_ST_AREA (id,parent_id,name,type,path_ids,path_names,deleted,sort,created_on,updated_on) VALUES (8840019,8830003,'13层','FLOOR','8800001/8800002/8800003/8800004/8810001/8820003/8830003/8840019','深圳供电局/福田区/香蜜湖街道/香蜜社区/听水居/3栋/1单元/13层',0,13,CURRENT_TIMESTAMP,CURRENT_TIMESTAMP);
INSERT INTO ECMS_D_ST_ORG (id,parent_id,name,type,path_ids,path_names,deleted,sort,created_on,updated_on) VALUES (8840019,8830003,'13层','FLOOR','8800001/8800002/8800003/8800004/8810001/8820003/8830003/8840019','深圳供电局/福田区/香蜜湖街道/香蜜社区/听水居/3栋/1单元/13层',0,13,CURRENT_TIMESTAMP,CURRENT_TIMESTAMP);
INSERT INTO ECMS_D_ST_SHAFT_FLOOR (id,monitor_id,area_id,name,device_id,start_point,end_point,sort,deleted,created_on,updated_on) VALUES (8880019,8860003,8840019,'13层',8850003,0,0,13,0,CURRENT_TIMESTAMP,CURRENT_TIMESTAMP);
INSERT INTO ECMS_D_ST_MONITOR_PARTITION_BIND (id,monitor_id,device_id,shaft_floor_id,partition_id,partition_code,partition_name,data_reference,device_token,partition_no,bind_status,deleted,created_on,updated_on) VALUES (8890019,8860003,8850003,8880019,13,'ft-shaft-dev-0003_TMP_th13','13层分区','/TMP/ft-shaft-dev-0003_TMP_th13','ft-shaft-dev-0003',13,1,0,CURRENT_TIMESTAMP,CURRENT_TIMESTAMP);
UPDATE ECMS_D_ST_MONITOR_PARTITION_BIND SET partition_name = '13层分区[264-269]' WHERE id = 8890019;
INSERT INTO ECMS_D_ST_AREA (id,parent_id,name,type,path_ids,path_names,deleted,sort,created_on,updated_on) VALUES (8840020,8830003,'14层','FLOOR','8800001/8800002/8800003/8800004/8810001/8820003/8830003/8840020','深圳供电局/福田区/香蜜湖街道/香蜜社区/听水居/3栋/1单元/14层',0,14,CURRENT_TIMESTAMP,CURRENT_TIMESTAMP);
INSERT INTO ECMS_D_ST_ORG (id,parent_id,name,type,path_ids,path_names,deleted,sort,created_on,updated_on) VALUES (8840020,8830003,'14层','FLOOR','8800001/8800002/8800003/8800004/8810001/8820003/8830003/8840020','深圳供电局/福田区/香蜜湖街道/香蜜社区/听水居/3栋/1单元/14层',0,14,CURRENT_TIMESTAMP,CURRENT_TIMESTAMP);
INSERT INTO ECMS_D_ST_SHAFT_FLOOR (id,monitor_id,area_id,name,device_id,start_point,end_point,sort,deleted,created_on,updated_on) VALUES (8880020,8860003,8840020,'14层',8850003,0,0,14,0,CURRENT_TIMESTAMP,CURRENT_TIMESTAMP);
INSERT INTO ECMS_D_ST_MONITOR_PARTITION_BIND (id,monitor_id,device_id,shaft_floor_id,partition_id,partition_code,partition_name,data_reference,device_token,partition_no,bind_status,deleted,created_on,updated_on) VALUES (8890020,8860003,8850003,8880020,14,'ft-shaft-dev-0003_TMP_th14','14层分区','/TMP/ft-shaft-dev-0003_TMP_th14','ft-shaft-dev-0003',14,1,0,CURRENT_TIMESTAMP,CURRENT_TIMESTAMP);
UPDATE ECMS_D_ST_MONITOR_PARTITION_BIND SET partition_name = '14层分区[269-272]' WHERE id = 8890020;
INSERT INTO ECMS_D_ST_AREA (id,parent_id,name,type,path_ids,path_names,deleted,sort,created_on,updated_on) VALUES (8840021,8830003,'15层','FLOOR','8800001/8800002/8800003/8800004/8810001/8820003/8830003/8840021','深圳供电局/福田区/香蜜湖街道/香蜜社区/听水居/3栋/1单元/15层',0,15,CURRENT_TIMESTAMP,CURRENT_TIMESTAMP);
INSERT INTO ECMS_D_ST_ORG (id,parent_id,name,type,path_ids,path_names,deleted,sort,created_on,updated_on) VALUES (8840021,8830003,'15层','FLOOR','8800001/8800002/8800003/8800004/8810001/8820003/8830003/8840021','深圳供电局/福田区/香蜜湖街道/香蜜社区/听水居/3栋/1单元/15层',0,15,CURRENT_TIMESTAMP,CURRENT_TIMESTAMP);
INSERT INTO ECMS_D_ST_SHAFT_FLOOR (id,monitor_id,area_id,name,device_id,start_point,end_point,sort,deleted,created_on,updated_on) VALUES (8880021,8860003,8840021,'15层',8850003,0,0,15,0,CURRENT_TIMESTAMP,CURRENT_TIMESTAMP);
INSERT INTO ECMS_D_ST_MONITOR_PARTITION_BIND (id,monitor_id,device_id,shaft_floor_id,partition_id,partition_code,partition_name,data_reference,device_token,partition_no,bind_status,deleted,created_on,updated_on) VALUES (8890021,8860003,8850003,8880021,15,'ft-shaft-dev-0003_TMP_th15','15层分区','/TMP/ft-shaft-dev-0003_TMP_th15','ft-shaft-dev-0003',15,1,0,CURRENT_TIMESTAMP,CURRENT_TIMESTAMP);
UPDATE ECMS_D_ST_MONITOR_PARTITION_BIND SET partition_name = '15层分区[272-275]' WHERE id = 8890021;
INSERT INTO ECMS_D_ST_AREA (id,parent_id,name,type,path_ids,path_names,deleted,sort,created_on,updated_on) VALUES (8840022,8830003,'16层','FLOOR','8800001/8800002/8800003/8800004/8810001/8820003/8830003/8840022','深圳供电局/福田区/香蜜湖街道/香蜜社区/听水居/3栋/1单元/16层',0,16,CURRENT_TIMESTAMP,CURRENT_TIMESTAMP);
INSERT INTO ECMS_D_ST_ORG (id,parent_id,name,type,path_ids,path_names,deleted,sort,created_on,updated_on) VALUES (8840022,8830003,'16层','FLOOR','8800001/8800002/8800003/8800004/8810001/8820003/8830003/8840022','深圳供电局/福田区/香蜜湖街道/香蜜社区/听水居/3栋/1单元/16层',0,16,CURRENT_TIMESTAMP,CURRENT_TIMESTAMP);
INSERT INTO ECMS_D_ST_SHAFT_FLOOR (id,monitor_id,area_id,name,device_id,start_point,end_point,sort,deleted,created_on,updated_on) VALUES (8880022,8860003,8840022,'16层',8850003,0,0,16,0,CURRENT_TIMESTAMP,CURRENT_TIMESTAMP);
INSERT INTO ECMS_D_ST_MONITOR_PARTITION_BIND (id,monitor_id,device_id,shaft_floor_id,partition_id,partition_code,partition_name,data_reference,device_token,partition_no,bind_status,deleted,created_on,updated_on) VALUES (8890022,8860003,8850003,8880022,16,'ft-shaft-dev-0003_TMP_th16','16层分区','/TMP/ft-shaft-dev-0003_TMP_th16','ft-shaft-dev-0003',16,1,0,CURRENT_TIMESTAMP,CURRENT_TIMESTAMP);
UPDATE ECMS_D_ST_MONITOR_PARTITION_BIND SET partition_name = '16层分区[275-286]' WHERE id = 8890022;
INSERT INTO ECMS_D_ST_AREA (id,parent_id,name,type,path_ids,path_names,deleted,sort,created_on,updated_on) VALUES (8840023,8830003,'17层','FLOOR','8800001/8800002/8800003/8800004/8810001/8820003/8830003/8840023','深圳供电局/福田区/香蜜湖街道/香蜜社区/听水居/3栋/1单元/17层',0,17,CURRENT_TIMESTAMP,CURRENT_TIMESTAMP);
INSERT INTO ECMS_D_ST_ORG (id,parent_id,name,type,path_ids,path_names,deleted,sort,created_on,updated_on) VALUES (8840023,8830003,'17层','FLOOR','8800001/8800002/8800003/8800004/8810001/8820003/8830003/8840023','深圳供电局/福田区/香蜜湖街道/香蜜社区/听水居/3栋/1单元/17层',0,17,CURRENT_TIMESTAMP,CURRENT_TIMESTAMP);
INSERT INTO ECMS_D_ST_SHAFT_FLOOR (id,monitor_id,area_id,name,device_id,start_point,end_point,sort,deleted,created_on,updated_on) VALUES (8880023,8860003,8840023,'17层',8850003,0,0,17,0,CURRENT_TIMESTAMP,CURRENT_TIMESTAMP);
INSERT INTO ECMS_D_ST_MONITOR_PARTITION_BIND (id,monitor_id,device_id,shaft_floor_id,partition_id,partition_code,partition_name,data_reference,device_token,partition_no,bind_status,deleted,created_on,updated_on) VALUES (8890023,8860003,8850003,8880023,17,'ft-shaft-dev-0003_TMP_th17','17层分区','/TMP/ft-shaft-dev-0003_TMP_th17','ft-shaft-dev-0003',17,1,0,CURRENT_TIMESTAMP,CURRENT_TIMESTAMP);
UPDATE ECMS_D_ST_MONITOR_PARTITION_BIND SET partition_name = '17层分区[286-289]' WHERE id = 8890023;
INSERT INTO ECMS_D_ST_AREA (id,parent_id,name,type,path_ids,path_names,deleted,sort,created_on,updated_on) VALUES (8840024,8830003,'18层','FLOOR','8800001/8800002/8800003/8800004/8810001/8820003/8830003/8840024','深圳供电局/福田区/香蜜湖街道/香蜜社区/听水居/3栋/1单元/18层',0,18,CURRENT_TIMESTAMP,CURRENT_TIMESTAMP);
INSERT INTO ECMS_D_ST_ORG (id,parent_id,name,type,path_ids,path_names,deleted,sort,created_on,updated_on) VALUES (8840024,8830003,'18层','FLOOR','8800001/8800002/8800003/8800004/8810001/8820003/8830003/8840024','深圳供电局/福田区/香蜜湖街道/香蜜社区/听水居/3栋/1单元/18层',0,18,CURRENT_TIMESTAMP,CURRENT_TIMESTAMP);
INSERT INTO ECMS_D_ST_SHAFT_FLOOR (id,monitor_id,area_id,name,device_id,start_point,end_point,sort,deleted,created_on,updated_on) VALUES (8880024,8860003,8840024,'18层',8850003,0,0,18,0,CURRENT_TIMESTAMP,CURRENT_TIMESTAMP);
INSERT INTO ECMS_D_ST_MONITOR_PARTITION_BIND (id,monitor_id,device_id,shaft_floor_id,partition_id,partition_code,partition_name,data_reference,device_token,partition_no,bind_status,deleted,created_on,updated_on) VALUES (8890024,8860003,8850003,8880024,18,'ft-shaft-dev-0003_TMP_th18','18层分区','/TMP/ft-shaft-dev-0003_TMP_th18','ft-shaft-dev-0003',18,1,0,CURRENT_TIMESTAMP,CURRENT_TIMESTAMP);
UPDATE ECMS_D_ST_MONITOR_PARTITION_BIND SET partition_name = '18层分区[289-292]' WHERE id = 8890024;
INSERT INTO ECMS_D_ST_AREA (id,parent_id,name,type,path_ids,path_names,deleted,sort,created_on,updated_on) VALUES (8840025,8830003,'19层','FLOOR','8800001/8800002/8800003/8800004/8810001/8820003/8830003/8840025','深圳供电局/福田区/香蜜湖街道/香蜜社区/听水居/3栋/1单元/19层',0,19,CURRENT_TIMESTAMP,CURRENT_TIMESTAMP);
INSERT INTO ECMS_D_ST_ORG (id,parent_id,name,type,path_ids,path_names,deleted,sort,created_on,updated_on) VALUES (8840025,8830003,'19层','FLOOR','8800001/8800002/8800003/8800004/8810001/8820003/8830003/8840025','深圳供电局/福田区/香蜜湖街道/香蜜社区/听水居/3栋/1单元/19层',0,19,CURRENT_TIMESTAMP,CURRENT_TIMESTAMP);
INSERT INTO ECMS_D_ST_SHAFT_FLOOR (id,monitor_id,area_id,name,device_id,start_point,end_point,sort,deleted,created_on,updated_on) VALUES (8880025,8860003,8840025,'19层',8850003,0,0,19,0,CURRENT_TIMESTAMP,CURRENT_TIMESTAMP);
INSERT INTO ECMS_D_ST_MONITOR_PARTITION_BIND (id,monitor_id,device_id,shaft_floor_id,partition_id,partition_code,partition_name,data_reference,device_token,partition_no,bind_status,deleted,created_on,updated_on) VALUES (8890025,8860003,8850003,8880025,19,'ft-shaft-dev-0003_TMP_th19','19层分区','/TMP/ft-shaft-dev-0003_TMP_th19','ft-shaft-dev-0003',19,1,0,CURRENT_TIMESTAMP,CURRENT_TIMESTAMP);
UPDATE ECMS_D_ST_MONITOR_PARTITION_BIND SET partition_name = '19层分区[292-295]' WHERE id = 8890025;
INSERT INTO ECMS_D_ST_AREA (id,parent_id,name,type,path_ids,path_names,deleted,sort,created_on,updated_on) VALUES (8840026,8830003,'20层','FLOOR','8800001/8800002/8800003/8800004/8810001/8820003/8830003/8840026','深圳供电局/福田区/香蜜湖街道/香蜜社区/听水居/3栋/1单元/20层',0,20,CURRENT_TIMESTAMP,CURRENT_TIMESTAMP);
INSERT INTO ECMS_D_ST_ORG (id,parent_id,name,type,path_ids,path_names,deleted,sort,created_on,updated_on) VALUES (8840026,8830003,'20层','FLOOR','8800001/8800002/8800003/8800004/8810001/8820003/8830003/8840026','深圳供电局/福田区/香蜜湖街道/香蜜社区/听水居/3栋/1单元/20层',0,20,CURRENT_TIMESTAMP,CURRENT_TIMESTAMP);
INSERT INTO ECMS_D_ST_SHAFT_FLOOR (id,monitor_id,area_id,name,device_id,start_point,end_point,sort,deleted,created_on,updated_on) VALUES (8880026,8860003,8840026,'20层',8850003,0,0,20,0,CURRENT_TIMESTAMP,CURRENT_TIMESTAMP);
INSERT INTO ECMS_D_ST_MONITOR_PARTITION_BIND (id,monitor_id,device_id,shaft_floor_id,partition_id,partition_code,partition_name,data_reference,device_token,partition_no,bind_status,deleted,created_on,updated_on) VALUES (8890026,8860003,8850003,8880026,20,'ft-shaft-dev-0003_TMP_th20','20层分区','/TMP/ft-shaft-dev-0003_TMP_th20','ft-shaft-dev-0003',20,1,0,CURRENT_TIMESTAMP,CURRENT_TIMESTAMP);
UPDATE ECMS_D_ST_MONITOR_PARTITION_BIND SET partition_name = '20层分区[295-298]' WHERE id = 8890026;
INSERT INTO ECMS_D_ST_AREA (id,parent_id,name,type,path_ids,path_names,deleted,sort,created_on,updated_on) VALUES (8840027,8830003,'21层','FLOOR','8800001/8800002/8800003/8800004/8810001/8820003/8830003/8840027','深圳供电局/福田区/香蜜湖街道/香蜜社区/听水居/3栋/1单元/21层',0,21,CURRENT_TIMESTAMP,CURRENT_TIMESTAMP);
INSERT INTO ECMS_D_ST_ORG (id,parent_id,name,type,path_ids,path_names,deleted,sort,created_on,updated_on) VALUES (8840027,8830003,'21层','FLOOR','8800001/8800002/8800003/8800004/8810001/8820003/8830003/8840027','深圳供电局/福田区/香蜜湖街道/香蜜社区/听水居/3栋/1单元/21层',0,21,CURRENT_TIMESTAMP,CURRENT_TIMESTAMP);
INSERT INTO ECMS_D_ST_SHAFT_FLOOR (id,monitor_id,area_id,name,device_id,start_point,end_point,sort,deleted,created_on,updated_on) VALUES (8880027,8860003,8840027,'21层',8850003,0,0,21,0,CURRENT_TIMESTAMP,CURRENT_TIMESTAMP);
INSERT INTO ECMS_D_ST_MONITOR_PARTITION_BIND (id,monitor_id,device_id,shaft_floor_id,partition_id,partition_code,partition_name,data_reference,device_token,partition_no,bind_status,deleted,created_on,updated_on) VALUES (8890027,8860003,8850003,8880027,21,'ft-shaft-dev-0003_TMP_th21','21层分区','/TMP/ft-shaft-dev-0003_TMP_th21','ft-shaft-dev-0003',21,1,0,CURRENT_TIMESTAMP,CURRENT_TIMESTAMP);
UPDATE ECMS_D_ST_MONITOR_PARTITION_BIND SET partition_name = '21层分区[298-301]' WHERE id = 8890027;
INSERT INTO ECMS_D_ST_AREA (id,parent_id,name,type,path_ids,path_names,deleted,sort,created_on,updated_on) VALUES (8820004,8810001,'5栋','BUILDING','8800001/8800002/8800003/8800004/8810001/8820004','深圳供电局/福田区/香蜜湖街道/香蜜社区/听水居/5栋',0,5,CURRENT_TIMESTAMP,CURRENT_TIMESTAMP);
INSERT INTO ECMS_D_ST_ORG (id,parent_id,name,type,path_ids,path_names,deleted,sort,created_on,updated_on) VALUES (8820004,8810001,'5栋','BUILDING','8800001/8800002/8800003/8800004/8810001/8820004','深圳供电局/福田区/香蜜湖街道/香蜜社区/听水居/5栋',0,5,CURRENT_TIMESTAMP,CURRENT_TIMESTAMP);
INSERT INTO ECMS_D_ST_AREA (id,parent_id,name,type,path_ids,path_names,deleted,sort,created_on,updated_on) VALUES (8830004,8820004,'1单元','SHAFT','8800001/8800002/8800003/8800004/8810001/8820004/8830004','深圳供电局/福田区/香蜜湖街道/香蜜社区/听水居/5栋/1单元',0,1,CURRENT_TIMESTAMP,CURRENT_TIMESTAMP);
INSERT INTO ECMS_D_ST_ORG (id,parent_id,name,type,path_ids,path_names,deleted,sort,created_on,updated_on) VALUES (8830004,8820004,'1单元','SHAFT','8800001/8800002/8800003/8800004/8810001/8820004/8830004','深圳供电局/福田区/香蜜湖街道/香蜜社区/听水居/5栋/1单元',0,1,CURRENT_TIMESTAMP,CURRENT_TIMESTAMP);
INSERT INTO ECMS_D_ST_SHAFTEVICE_D (id,device_type,name,area_id,iot_code,model,manufacturer,asset_status,org_id,online_status,deleted,created_on,updated_on,remark) VALUES (8850004,'SHAFT_TEMP','听水居5栋1单元竖井',8830004,'ft-shaft-dev-0004','TMP-V1','LEDGER_IMPORT','待接入',8830004,0,0,CURRENT_TIMESTAMP,CURRENT_TIMESTAMP,'福田区台账抽取');
INSERT INTO ECMS_D_ST_MONITOR (id,name,area_id,area_name,elevator_count,shaft_type,monitor_status,owner_company,device_id,remark,deleted,created_on,updated_on) VALUES (8860004,'听水居5栋1单元竖井',8830004,'深圳供电局/福田区/香蜜湖街道/香蜜社区/听水居/5栋/1单元',1,'POWER','RUNNING','深圳供电局',8850004,'福田区台账抽取',0,CURRENT_TIMESTAMP,CURRENT_TIMESTAMP);
INSERT INTO ECMS_D_ST_MONITOREVICE_BIND_D (id,monitor_id,device_id,bind_status,bind_time,deleted,created_on,updated_on) VALUES (8870004,8860004,8850004,1,CURRENT_TIMESTAMP,0,CURRENT_TIMESTAMP,CURRENT_TIMESTAMP);
INSERT INTO ECMS_D_ST_AREA (id,parent_id,name,type,path_ids,path_names,deleted,sort,created_on,updated_on) VALUES (8840028,8830004,'13层','FLOOR','8800001/8800002/8800003/8800004/8810001/8820004/8830004/8840028','深圳供电局/福田区/香蜜湖街道/香蜜社区/听水居/5栋/1单元/13层',0,13,CURRENT_TIMESTAMP,CURRENT_TIMESTAMP);
INSERT INTO ECMS_D_ST_ORG (id,parent_id,name,type,path_ids,path_names,deleted,sort,created_on,updated_on) VALUES (8840028,8830004,'13层','FLOOR','8800001/8800002/8800003/8800004/8810001/8820004/8830004/8840028','深圳供电局/福田区/香蜜湖街道/香蜜社区/听水居/5栋/1单元/13层',0,13,CURRENT_TIMESTAMP,CURRENT_TIMESTAMP);
INSERT INTO ECMS_D_ST_SHAFT_FLOOR (id,monitor_id,area_id,name,device_id,start_point,end_point,sort,deleted,created_on,updated_on) VALUES (8880028,8860004,8840028,'13层',8850004,0,0,13,0,CURRENT_TIMESTAMP,CURRENT_TIMESTAMP);
INSERT INTO ECMS_D_ST_MONITOR_PARTITION_BIND (id,monitor_id,device_id,shaft_floor_id,partition_id,partition_code,partition_name,data_reference,device_token,partition_no,bind_status,deleted,created_on,updated_on) VALUES (8890028,8860004,8850004,8880028,13,'ft-shaft-dev-0004_TMP_th13','13层分区','/TMP/ft-shaft-dev-0004_TMP_th13','ft-shaft-dev-0004',13,1,0,CURRENT_TIMESTAMP,CURRENT_TIMESTAMP);
UPDATE ECMS_D_ST_MONITOR_PARTITION_BIND SET partition_name = '13层分区[334-339]' WHERE id = 8890028;
INSERT INTO ECMS_D_ST_AREA (id,parent_id,name,type,path_ids,path_names,deleted,sort,created_on,updated_on) VALUES (8840029,8830004,'14层','FLOOR','8800001/8800002/8800003/8800004/8810001/8820004/8830004/8840029','深圳供电局/福田区/香蜜湖街道/香蜜社区/听水居/5栋/1单元/14层',0,14,CURRENT_TIMESTAMP,CURRENT_TIMESTAMP);
INSERT INTO ECMS_D_ST_ORG (id,parent_id,name,type,path_ids,path_names,deleted,sort,created_on,updated_on) VALUES (8840029,8830004,'14层','FLOOR','8800001/8800002/8800003/8800004/8810001/8820004/8830004/8840029','深圳供电局/福田区/香蜜湖街道/香蜜社区/听水居/5栋/1单元/14层',0,14,CURRENT_TIMESTAMP,CURRENT_TIMESTAMP);
INSERT INTO ECMS_D_ST_SHAFT_FLOOR (id,monitor_id,area_id,name,device_id,start_point,end_point,sort,deleted,created_on,updated_on) VALUES (8880029,8860004,8840029,'14层',8850004,0,0,14,0,CURRENT_TIMESTAMP,CURRENT_TIMESTAMP);
INSERT INTO ECMS_D_ST_MONITOR_PARTITION_BIND (id,monitor_id,device_id,shaft_floor_id,partition_id,partition_code,partition_name,data_reference,device_token,partition_no,bind_status,deleted,created_on,updated_on) VALUES (8890029,8860004,8850004,8880029,14,'ft-shaft-dev-0004_TMP_th14','14层分区','/TMP/ft-shaft-dev-0004_TMP_th14','ft-shaft-dev-0004',14,1,0,CURRENT_TIMESTAMP,CURRENT_TIMESTAMP);
UPDATE ECMS_D_ST_MONITOR_PARTITION_BIND SET partition_name = '14层分区[339-342]' WHERE id = 8890029;
INSERT INTO ECMS_D_ST_AREA (id,parent_id,name,type,path_ids,path_names,deleted,sort,created_on,updated_on) VALUES (8840030,8830004,'15层','FLOOR','8800001/8800002/8800003/8800004/8810001/8820004/8830004/8840030','深圳供电局/福田区/香蜜湖街道/香蜜社区/听水居/5栋/1单元/15层',0,15,CURRENT_TIMESTAMP,CURRENT_TIMESTAMP);
INSERT INTO ECMS_D_ST_ORG (id,parent_id,name,type,path_ids,path_names,deleted,sort,created_on,updated_on) VALUES (8840030,8830004,'15层','FLOOR','8800001/8800002/8800003/8800004/8810001/8820004/8830004/8840030','深圳供电局/福田区/香蜜湖街道/香蜜社区/听水居/5栋/1单元/15层',0,15,CURRENT_TIMESTAMP,CURRENT_TIMESTAMP);
INSERT INTO ECMS_D_ST_SHAFT_FLOOR (id,monitor_id,area_id,name,device_id,start_point,end_point,sort,deleted,created_on,updated_on) VALUES (8880030,8860004,8840030,'15层',8850004,0,0,15,0,CURRENT_TIMESTAMP,CURRENT_TIMESTAMP);
INSERT INTO ECMS_D_ST_MONITOR_PARTITION_BIND (id,monitor_id,device_id,shaft_floor_id,partition_id,partition_code,partition_name,data_reference,device_token,partition_no,bind_status,deleted,created_on,updated_on) VALUES (8890030,8860004,8850004,8880030,15,'ft-shaft-dev-0004_TMP_th15','15层分区','/TMP/ft-shaft-dev-0004_TMP_th15','ft-shaft-dev-0004',15,1,0,CURRENT_TIMESTAMP,CURRENT_TIMESTAMP);
UPDATE ECMS_D_ST_MONITOR_PARTITION_BIND SET partition_name = '15层分区[342-345]' WHERE id = 8890030;
INSERT INTO ECMS_D_ST_AREA (id,parent_id,name,type,path_ids,path_names,deleted,sort,created_on,updated_on) VALUES (8840031,8830004,'16层','FLOOR','8800001/8800002/8800003/8800004/8810001/8820004/8830004/8840031','深圳供电局/福田区/香蜜湖街道/香蜜社区/听水居/5栋/1单元/16层',0,16,CURRENT_TIMESTAMP,CURRENT_TIMESTAMP);
INSERT INTO ECMS_D_ST_ORG (id,parent_id,name,type,path_ids,path_names,deleted,sort,created_on,updated_on) VALUES (8840031,8830004,'16层','FLOOR','8800001/8800002/8800003/8800004/8810001/8820004/8830004/8840031','深圳供电局/福田区/香蜜湖街道/香蜜社区/听水居/5栋/1单元/16层',0,16,CURRENT_TIMESTAMP,CURRENT_TIMESTAMP);
INSERT INTO ECMS_D_ST_SHAFT_FLOOR (id,monitor_id,area_id,name,device_id,start_point,end_point,sort,deleted,created_on,updated_on) VALUES (8880031,8860004,8840031,'16层',8850004,0,0,16,0,CURRENT_TIMESTAMP,CURRENT_TIMESTAMP);
INSERT INTO ECMS_D_ST_MONITOR_PARTITION_BIND (id,monitor_id,device_id,shaft_floor_id,partition_id,partition_code,partition_name,data_reference,device_token,partition_no,bind_status,deleted,created_on,updated_on) VALUES (8890031,8860004,8850004,8880031,16,'ft-shaft-dev-0004_TMP_th16','16层分区','/TMP/ft-shaft-dev-0004_TMP_th16','ft-shaft-dev-0004',16,1,0,CURRENT_TIMESTAMP,CURRENT_TIMESTAMP);
UPDATE ECMS_D_ST_MONITOR_PARTITION_BIND SET partition_name = '16层分区[345-350]' WHERE id = 8890031;
INSERT INTO ECMS_D_ST_AREA (id,parent_id,name,type,path_ids,path_names,deleted,sort,created_on,updated_on) VALUES (8840032,8830004,'17层','FLOOR','8800001/8800002/8800003/8800004/8810001/8820004/8830004/8840032','深圳供电局/福田区/香蜜湖街道/香蜜社区/听水居/5栋/1单元/17层',0,17,CURRENT_TIMESTAMP,CURRENT_TIMESTAMP);
INSERT INTO ECMS_D_ST_ORG (id,parent_id,name,type,path_ids,path_names,deleted,sort,created_on,updated_on) VALUES (8840032,8830004,'17层','FLOOR','8800001/8800002/8800003/8800004/8810001/8820004/8830004/8840032','深圳供电局/福田区/香蜜湖街道/香蜜社区/听水居/5栋/1单元/17层',0,17,CURRENT_TIMESTAMP,CURRENT_TIMESTAMP);
INSERT INTO ECMS_D_ST_SHAFT_FLOOR (id,monitor_id,area_id,name,device_id,start_point,end_point,sort,deleted,created_on,updated_on) VALUES (8880032,8860004,8840032,'17层',8850004,0,0,17,0,CURRENT_TIMESTAMP,CURRENT_TIMESTAMP);
INSERT INTO ECMS_D_ST_MONITOR_PARTITION_BIND (id,monitor_id,device_id,shaft_floor_id,partition_id,partition_code,partition_name,data_reference,device_token,partition_no,bind_status,deleted,created_on,updated_on) VALUES (8890032,8860004,8850004,8880032,17,'ft-shaft-dev-0004_TMP_th17','17层分区','/TMP/ft-shaft-dev-0004_TMP_th17','ft-shaft-dev-0004',17,1,0,CURRENT_TIMESTAMP,CURRENT_TIMESTAMP);
UPDATE ECMS_D_ST_MONITOR_PARTITION_BIND SET partition_name = '17层分区[350-353]' WHERE id = 8890032;
INSERT INTO ECMS_D_ST_AREA (id,parent_id,name,type,path_ids,path_names,deleted,sort,created_on,updated_on) VALUES (8840033,8830004,'18层','FLOOR','8800001/8800002/8800003/8800004/8810001/8820004/8830004/8840033','深圳供电局/福田区/香蜜湖街道/香蜜社区/听水居/5栋/1单元/18层',0,18,CURRENT_TIMESTAMP,CURRENT_TIMESTAMP);
INSERT INTO ECMS_D_ST_ORG (id,parent_id,name,type,path_ids,path_names,deleted,sort,created_on,updated_on) VALUES (8840033,8830004,'18层','FLOOR','8800001/8800002/8800003/8800004/8810001/8820004/8830004/8840033','深圳供电局/福田区/香蜜湖街道/香蜜社区/听水居/5栋/1单元/18层',0,18,CURRENT_TIMESTAMP,CURRENT_TIMESTAMP);
INSERT INTO ECMS_D_ST_SHAFT_FLOOR (id,monitor_id,area_id,name,device_id,start_point,end_point,sort,deleted,created_on,updated_on) VALUES (8880033,8860004,8840033,'18层',8850004,0,0,18,0,CURRENT_TIMESTAMP,CURRENT_TIMESTAMP);
INSERT INTO ECMS_D_ST_MONITOR_PARTITION_BIND (id,monitor_id,device_id,shaft_floor_id,partition_id,partition_code,partition_name,data_reference,device_token,partition_no,bind_status,deleted,created_on,updated_on) VALUES (8890033,8860004,8850004,8880033,18,'ft-shaft-dev-0004_TMP_th18','18层分区','/TMP/ft-shaft-dev-0004_TMP_th18','ft-shaft-dev-0004',18,1,0,CURRENT_TIMESTAMP,CURRENT_TIMESTAMP);
UPDATE ECMS_D_ST_MONITOR_PARTITION_BIND SET partition_name = '18层分区[353-356]' WHERE id = 8890033;
INSERT INTO ECMS_D_ST_AREA (id,parent_id,name,type,path_ids,path_names,deleted,sort,created_on,updated_on) VALUES (8840034,8830004,'19层','FLOOR','8800001/8800002/8800003/8800004/8810001/8820004/8830004/8840034','深圳供电局/福田区/香蜜湖街道/香蜜社区/听水居/5栋/1单元/19层',0,19,CURRENT_TIMESTAMP,CURRENT_TIMESTAMP);
INSERT INTO ECMS_D_ST_ORG (id,parent_id,name,type,path_ids,path_names,deleted,sort,created_on,updated_on) VALUES (8840034,8830004,'19层','FLOOR','8800001/8800002/8800003/8800004/8810001/8820004/8830004/8840034','深圳供电局/福田区/香蜜湖街道/香蜜社区/听水居/5栋/1单元/19层',0,19,CURRENT_TIMESTAMP,CURRENT_TIMESTAMP);
INSERT INTO ECMS_D_ST_SHAFT_FLOOR (id,monitor_id,area_id,name,device_id,start_point,end_point,sort,deleted,created_on,updated_on) VALUES (8880034,8860004,8840034,'19层',8850004,0,0,19,0,CURRENT_TIMESTAMP,CURRENT_TIMESTAMP);
INSERT INTO ECMS_D_ST_MONITOR_PARTITION_BIND (id,monitor_id,device_id,shaft_floor_id,partition_id,partition_code,partition_name,data_reference,device_token,partition_no,bind_status,deleted,created_on,updated_on) VALUES (8890034,8860004,8850004,8880034,19,'ft-shaft-dev-0004_TMP_th19','19层分区','/TMP/ft-shaft-dev-0004_TMP_th19','ft-shaft-dev-0004',19,1,0,CURRENT_TIMESTAMP,CURRENT_TIMESTAMP);
UPDATE ECMS_D_ST_MONITOR_PARTITION_BIND SET partition_name = '19层分区[356-360]' WHERE id = 8890034;
INSERT INTO ECMS_D_ST_AREA (id,parent_id,name,type,path_ids,path_names,deleted,sort,created_on,updated_on) VALUES (8840035,8830004,'20层','FLOOR','8800001/8800002/8800003/8800004/8810001/8820004/8830004/8840035','深圳供电局/福田区/香蜜湖街道/香蜜社区/听水居/5栋/1单元/20层',0,20,CURRENT_TIMESTAMP,CURRENT_TIMESTAMP);
INSERT INTO ECMS_D_ST_ORG (id,parent_id,name,type,path_ids,path_names,deleted,sort,created_on,updated_on) VALUES (8840035,8830004,'20层','FLOOR','8800001/8800002/8800003/8800004/8810001/8820004/8830004/8840035','深圳供电局/福田区/香蜜湖街道/香蜜社区/听水居/5栋/1单元/20层',0,20,CURRENT_TIMESTAMP,CURRENT_TIMESTAMP);
INSERT INTO ECMS_D_ST_SHAFT_FLOOR (id,monitor_id,area_id,name,device_id,start_point,end_point,sort,deleted,created_on,updated_on) VALUES (8880035,8860004,8840035,'20层',8850004,0,0,20,0,CURRENT_TIMESTAMP,CURRENT_TIMESTAMP);
INSERT INTO ECMS_D_ST_MONITOR_PARTITION_BIND (id,monitor_id,device_id,shaft_floor_id,partition_id,partition_code,partition_name,data_reference,device_token,partition_no,bind_status,deleted,created_on,updated_on) VALUES (8890035,8860004,8850004,8880035,20,'ft-shaft-dev-0004_TMP_th20','20层分区','/TMP/ft-shaft-dev-0004_TMP_th20','ft-shaft-dev-0004',20,1,0,CURRENT_TIMESTAMP,CURRENT_TIMESTAMP);
UPDATE ECMS_D_ST_MONITOR_PARTITION_BIND SET partition_name = '20层分区[360-363]' WHERE id = 8890035;
INSERT INTO ECMS_D_ST_AREA (id,parent_id,name,type,path_ids,path_names,deleted,sort,created_on,updated_on) VALUES (8840036,8830004,'21层','FLOOR','8800001/8800002/8800003/8800004/8810001/8820004/8830004/8840036','深圳供电局/福田区/香蜜湖街道/香蜜社区/听水居/5栋/1单元/21层',0,21,CURRENT_TIMESTAMP,CURRENT_TIMESTAMP);
INSERT INTO ECMS_D_ST_ORG (id,parent_id,name,type,path_ids,path_names,deleted,sort,created_on,updated_on) VALUES (8840036,8830004,'21层','FLOOR','8800001/8800002/8800003/8800004/8810001/8820004/8830004/8840036','深圳供电局/福田区/香蜜湖街道/香蜜社区/听水居/5栋/1单元/21层',0,21,CURRENT_TIMESTAMP,CURRENT_TIMESTAMP);
INSERT INTO ECMS_D_ST_SHAFT_FLOOR (id,monitor_id,area_id,name,device_id,start_point,end_point,sort,deleted,created_on,updated_on) VALUES (8880036,8860004,8840036,'21层',8850004,0,0,21,0,CURRENT_TIMESTAMP,CURRENT_TIMESTAMP);
INSERT INTO ECMS_D_ST_MONITOR_PARTITION_BIND (id,monitor_id,device_id,shaft_floor_id,partition_id,partition_code,partition_name,data_reference,device_token,partition_no,bind_status,deleted,created_on,updated_on) VALUES (8890036,8860004,8850004,8880036,21,'ft-shaft-dev-0004_TMP_th21','21层分区','/TMP/ft-shaft-dev-0004_TMP_th21','ft-shaft-dev-0004',21,1,0,CURRENT_TIMESTAMP,CURRENT_TIMESTAMP);
UPDATE ECMS_D_ST_MONITOR_PARTITION_BIND SET partition_name = '21层分区[363-368]' WHERE id = 8890036;
INSERT INTO ECMS_D_ST_AREA (id,parent_id,name,type,path_ids,path_names,deleted,sort,created_on,updated_on) VALUES (8820005,8810002,'1栋','BUILDING','8800001/8800002/8800003/8800004/8810002/8820005','深圳供电局/福田区/香蜜湖街道/香蜜社区/润雨居/1栋',0,1,CURRENT_TIMESTAMP,CURRENT_TIMESTAMP);
INSERT INTO ECMS_D_ST_ORG (id,parent_id,name,type,path_ids,path_names,deleted,sort,created_on,updated_on) VALUES (8820005,8810002,'1栋','BUILDING','8800001/8800002/8800003/8800004/8810002/8820005','深圳供电局/福田区/香蜜湖街道/香蜜社区/润雨居/1栋',0,1,CURRENT_TIMESTAMP,CURRENT_TIMESTAMP);
INSERT INTO ECMS_D_ST_AREA (id,parent_id,name,type,path_ids,path_names,deleted,sort,created_on,updated_on) VALUES (8830005,8820005,'1单元','SHAFT','8800001/8800002/8800003/8800004/8810002/8820005/8830005','深圳供电局/福田区/香蜜湖街道/香蜜社区/润雨居/1栋/1单元',0,1,CURRENT_TIMESTAMP,CURRENT_TIMESTAMP);
INSERT INTO ECMS_D_ST_ORG (id,parent_id,name,type,path_ids,path_names,deleted,sort,created_on,updated_on) VALUES (8830005,8820005,'1单元','SHAFT','8800001/8800002/8800003/8800004/8810002/8820005/8830005','深圳供电局/福田区/香蜜湖街道/香蜜社区/润雨居/1栋/1单元',0,1,CURRENT_TIMESTAMP,CURRENT_TIMESTAMP);
INSERT INTO ECMS_D_ST_SHAFTEVICE_D (id,device_type,name,area_id,iot_code,model,manufacturer,asset_status,org_id,online_status,deleted,created_on,updated_on,remark) VALUES (8850005,'SHAFT_TEMP','润雨居1栋1单元竖井',8830005,'ft-shaft-dev-0005','TMP-V1','LEDGER_IMPORT','待接入',8830005,0,0,CURRENT_TIMESTAMP,CURRENT_TIMESTAMP,'福田区台账抽取');
INSERT INTO ECMS_D_ST_MONITOR (id,name,area_id,area_name,elevator_count,shaft_type,monitor_status,owner_company,device_id,remark,deleted,created_on,updated_on) VALUES (8860005,'润雨居1栋1单元竖井',8830005,'深圳供电局/福田区/香蜜湖街道/香蜜社区/润雨居/1栋/1单元',1,'POWER','RUNNING','深圳供电局',8850005,'福田区台账抽取',0,CURRENT_TIMESTAMP,CURRENT_TIMESTAMP);
INSERT INTO ECMS_D_ST_MONITOREVICE_BIND_D (id,monitor_id,device_id,bind_status,bind_time,deleted,created_on,updated_on) VALUES (8870005,8860005,8850005,1,CURRENT_TIMESTAMP,0,CURRENT_TIMESTAMP,CURRENT_TIMESTAMP);
INSERT INTO ECMS_D_ST_AREA (id,parent_id,name,type,path_ids,path_names,deleted,sort,created_on,updated_on) VALUES (8840037,8830005,'13层','FLOOR','8800001/8800002/8800003/8800004/8810002/8820005/8830005/8840037','深圳供电局/福田区/香蜜湖街道/香蜜社区/润雨居/1栋/1单元/13层',0,13,CURRENT_TIMESTAMP,CURRENT_TIMESTAMP);
INSERT INTO ECMS_D_ST_ORG (id,parent_id,name,type,path_ids,path_names,deleted,sort,created_on,updated_on) VALUES (8840037,8830005,'13层','FLOOR','8800001/8800002/8800003/8800004/8810002/8820005/8830005/8840037','深圳供电局/福田区/香蜜湖街道/香蜜社区/润雨居/1栋/1单元/13层',0,13,CURRENT_TIMESTAMP,CURRENT_TIMESTAMP);
INSERT INTO ECMS_D_ST_SHAFT_FLOOR (id,monitor_id,area_id,name,device_id,start_point,end_point,sort,deleted,created_on,updated_on) VALUES (8880037,8860005,8840037,'13层',8850005,0,0,13,0,CURRENT_TIMESTAMP,CURRENT_TIMESTAMP);
INSERT INTO ECMS_D_ST_MONITOR_PARTITION_BIND (id,monitor_id,device_id,shaft_floor_id,partition_id,partition_code,partition_name,data_reference,device_token,partition_no,bind_status,deleted,created_on,updated_on) VALUES (8890037,8860005,8850005,8880037,13,'ft-shaft-dev-0005_TMP_th13','13层分区','/TMP/ft-shaft-dev-0005_TMP_th13','ft-shaft-dev-0005',13,1,0,CURRENT_TIMESTAMP,CURRENT_TIMESTAMP);
UPDATE ECMS_D_ST_MONITOR_PARTITION_BIND SET partition_name = '13层分区[404-407]' WHERE id = 8890037;
INSERT INTO ECMS_D_ST_AREA (id,parent_id,name,type,path_ids,path_names,deleted,sort,created_on,updated_on) VALUES (8840038,8830005,'14层','FLOOR','8800001/8800002/8800003/8800004/8810002/8820005/8830005/8840038','深圳供电局/福田区/香蜜湖街道/香蜜社区/润雨居/1栋/1单元/14层',0,14,CURRENT_TIMESTAMP,CURRENT_TIMESTAMP);
INSERT INTO ECMS_D_ST_ORG (id,parent_id,name,type,path_ids,path_names,deleted,sort,created_on,updated_on) VALUES (8840038,8830005,'14层','FLOOR','8800001/8800002/8800003/8800004/8810002/8820005/8830005/8840038','深圳供电局/福田区/香蜜湖街道/香蜜社区/润雨居/1栋/1单元/14层',0,14,CURRENT_TIMESTAMP,CURRENT_TIMESTAMP);
INSERT INTO ECMS_D_ST_SHAFT_FLOOR (id,monitor_id,area_id,name,device_id,start_point,end_point,sort,deleted,created_on,updated_on) VALUES (8880038,8860005,8840038,'14层',8850005,0,0,14,0,CURRENT_TIMESTAMP,CURRENT_TIMESTAMP);
INSERT INTO ECMS_D_ST_MONITOR_PARTITION_BIND (id,monitor_id,device_id,shaft_floor_id,partition_id,partition_code,partition_name,data_reference,device_token,partition_no,bind_status,deleted,created_on,updated_on) VALUES (8890038,8860005,8850005,8880038,14,'ft-shaft-dev-0005_TMP_th14','14层分区','/TMP/ft-shaft-dev-0005_TMP_th14','ft-shaft-dev-0005',14,1,0,CURRENT_TIMESTAMP,CURRENT_TIMESTAMP);
UPDATE ECMS_D_ST_MONITOR_PARTITION_BIND SET partition_name = '14层分区[407-411]' WHERE id = 8890038;
INSERT INTO ECMS_D_ST_AREA (id,parent_id,name,type,path_ids,path_names,deleted,sort,created_on,updated_on) VALUES (8840039,8830005,'15层','FLOOR','8800001/8800002/8800003/8800004/8810002/8820005/8830005/8840039','深圳供电局/福田区/香蜜湖街道/香蜜社区/润雨居/1栋/1单元/15层',0,15,CURRENT_TIMESTAMP,CURRENT_TIMESTAMP);
INSERT INTO ECMS_D_ST_ORG (id,parent_id,name,type,path_ids,path_names,deleted,sort,created_on,updated_on) VALUES (8840039,8830005,'15层','FLOOR','8800001/8800002/8800003/8800004/8810002/8820005/8830005/8840039','深圳供电局/福田区/香蜜湖街道/香蜜社区/润雨居/1栋/1单元/15层',0,15,CURRENT_TIMESTAMP,CURRENT_TIMESTAMP);
INSERT INTO ECMS_D_ST_SHAFT_FLOOR (id,monitor_id,area_id,name,device_id,start_point,end_point,sort,deleted,created_on,updated_on) VALUES (8880039,8860005,8840039,'15层',8850005,0,0,15,0,CURRENT_TIMESTAMP,CURRENT_TIMESTAMP);
INSERT INTO ECMS_D_ST_MONITOR_PARTITION_BIND (id,monitor_id,device_id,shaft_floor_id,partition_id,partition_code,partition_name,data_reference,device_token,partition_no,bind_status,deleted,created_on,updated_on) VALUES (8890039,8860005,8850005,8880039,15,'ft-shaft-dev-0005_TMP_th15','15层分区','/TMP/ft-shaft-dev-0005_TMP_th15','ft-shaft-dev-0005',15,1,0,CURRENT_TIMESTAMP,CURRENT_TIMESTAMP);
UPDATE ECMS_D_ST_MONITOR_PARTITION_BIND SET partition_name = '15层分区[411-414]' WHERE id = 8890039;
INSERT INTO ECMS_D_ST_AREA (id,parent_id,name,type,path_ids,path_names,deleted,sort,created_on,updated_on) VALUES (8840040,8830005,'16层','FLOOR','8800001/8800002/8800003/8800004/8810002/8820005/8830005/8840040','深圳供电局/福田区/香蜜湖街道/香蜜社区/润雨居/1栋/1单元/16层',0,16,CURRENT_TIMESTAMP,CURRENT_TIMESTAMP);
INSERT INTO ECMS_D_ST_ORG (id,parent_id,name,type,path_ids,path_names,deleted,sort,created_on,updated_on) VALUES (8840040,8830005,'16层','FLOOR','8800001/8800002/8800003/8800004/8810002/8820005/8830005/8840040','深圳供电局/福田区/香蜜湖街道/香蜜社区/润雨居/1栋/1单元/16层',0,16,CURRENT_TIMESTAMP,CURRENT_TIMESTAMP);
INSERT INTO ECMS_D_ST_SHAFT_FLOOR (id,monitor_id,area_id,name,device_id,start_point,end_point,sort,deleted,created_on,updated_on) VALUES (8880040,8860005,8840040,'16层',8850005,0,0,16,0,CURRENT_TIMESTAMP,CURRENT_TIMESTAMP);
INSERT INTO ECMS_D_ST_MONITOR_PARTITION_BIND (id,monitor_id,device_id,shaft_floor_id,partition_id,partition_code,partition_name,data_reference,device_token,partition_no,bind_status,deleted,created_on,updated_on) VALUES (8890040,8860005,8850005,8880040,16,'ft-shaft-dev-0005_TMP_th16','16层分区','/TMP/ft-shaft-dev-0005_TMP_th16','ft-shaft-dev-0005',16,1,0,CURRENT_TIMESTAMP,CURRENT_TIMESTAMP);
UPDATE ECMS_D_ST_MONITOR_PARTITION_BIND SET partition_name = '16层分区[414-419]' WHERE id = 8890040;
INSERT INTO ECMS_D_ST_AREA (id,parent_id,name,type,path_ids,path_names,deleted,sort,created_on,updated_on) VALUES (8840041,8830005,'17层','FLOOR','8800001/8800002/8800003/8800004/8810002/8820005/8830005/8840041','深圳供电局/福田区/香蜜湖街道/香蜜社区/润雨居/1栋/1单元/17层',0,17,CURRENT_TIMESTAMP,CURRENT_TIMESTAMP);
INSERT INTO ECMS_D_ST_ORG (id,parent_id,name,type,path_ids,path_names,deleted,sort,created_on,updated_on) VALUES (8840041,8830005,'17层','FLOOR','8800001/8800002/8800003/8800004/8810002/8820005/8830005/8840041','深圳供电局/福田区/香蜜湖街道/香蜜社区/润雨居/1栋/1单元/17层',0,17,CURRENT_TIMESTAMP,CURRENT_TIMESTAMP);
INSERT INTO ECMS_D_ST_SHAFT_FLOOR (id,monitor_id,area_id,name,device_id,start_point,end_point,sort,deleted,created_on,updated_on) VALUES (8880041,8860005,8840041,'17层',8850005,0,0,17,0,CURRENT_TIMESTAMP,CURRENT_TIMESTAMP);
INSERT INTO ECMS_D_ST_MONITOR_PARTITION_BIND (id,monitor_id,device_id,shaft_floor_id,partition_id,partition_code,partition_name,data_reference,device_token,partition_no,bind_status,deleted,created_on,updated_on) VALUES (8890041,8860005,8850005,8880041,17,'ft-shaft-dev-0005_TMP_th17','17层分区','/TMP/ft-shaft-dev-0005_TMP_th17','ft-shaft-dev-0005',17,1,0,CURRENT_TIMESTAMP,CURRENT_TIMESTAMP);
UPDATE ECMS_D_ST_MONITOR_PARTITION_BIND SET partition_name = '17层分区[419-427]' WHERE id = 8890041;
INSERT INTO ECMS_D_ST_AREA (id,parent_id,name,type,path_ids,path_names,deleted,sort,created_on,updated_on) VALUES (8840042,8830005,'18层','FLOOR','8800001/8800002/8800003/8800004/8810002/8820005/8830005/8840042','深圳供电局/福田区/香蜜湖街道/香蜜社区/润雨居/1栋/1单元/18层',0,18,CURRENT_TIMESTAMP,CURRENT_TIMESTAMP);
INSERT INTO ECMS_D_ST_ORG (id,parent_id,name,type,path_ids,path_names,deleted,sort,created_on,updated_on) VALUES (8840042,8830005,'18层','FLOOR','8800001/8800002/8800003/8800004/8810002/8820005/8830005/8840042','深圳供电局/福田区/香蜜湖街道/香蜜社区/润雨居/1栋/1单元/18层',0,18,CURRENT_TIMESTAMP,CURRENT_TIMESTAMP);
INSERT INTO ECMS_D_ST_SHAFT_FLOOR (id,monitor_id,area_id,name,device_id,start_point,end_point,sort,deleted,created_on,updated_on) VALUES (8880042,8860005,8840042,'18层',8850005,0,0,18,0,CURRENT_TIMESTAMP,CURRENT_TIMESTAMP);
INSERT INTO ECMS_D_ST_MONITOR_PARTITION_BIND (id,monitor_id,device_id,shaft_floor_id,partition_id,partition_code,partition_name,data_reference,device_token,partition_no,bind_status,deleted,created_on,updated_on) VALUES (8890042,8860005,8850005,8880042,18,'ft-shaft-dev-0005_TMP_th18','18层分区','/TMP/ft-shaft-dev-0005_TMP_th18','ft-shaft-dev-0005',18,1,0,CURRENT_TIMESTAMP,CURRENT_TIMESTAMP);
UPDATE ECMS_D_ST_MONITOR_PARTITION_BIND SET partition_name = '18层分区[427-430]' WHERE id = 8890042;
INSERT INTO ECMS_D_ST_AREA (id,parent_id,name,type,path_ids,path_names,deleted,sort,created_on,updated_on) VALUES (8840043,8830005,'19层','FLOOR','8800001/8800002/8800003/8800004/8810002/8820005/8830005/8840043','深圳供电局/福田区/香蜜湖街道/香蜜社区/润雨居/1栋/1单元/19层',0,19,CURRENT_TIMESTAMP,CURRENT_TIMESTAMP);
INSERT INTO ECMS_D_ST_ORG (id,parent_id,name,type,path_ids,path_names,deleted,sort,created_on,updated_on) VALUES (8840043,8830005,'19层','FLOOR','8800001/8800002/8800003/8800004/8810002/8820005/8830005/8840043','深圳供电局/福田区/香蜜湖街道/香蜜社区/润雨居/1栋/1单元/19层',0,19,CURRENT_TIMESTAMP,CURRENT_TIMESTAMP);
INSERT INTO ECMS_D_ST_SHAFT_FLOOR (id,monitor_id,area_id,name,device_id,start_point,end_point,sort,deleted,created_on,updated_on) VALUES (8880043,8860005,8840043,'19层',8850005,0,0,19,0,CURRENT_TIMESTAMP,CURRENT_TIMESTAMP);
INSERT INTO ECMS_D_ST_MONITOR_PARTITION_BIND (id,monitor_id,device_id,shaft_floor_id,partition_id,partition_code,partition_name,data_reference,device_token,partition_no,bind_status,deleted,created_on,updated_on) VALUES (8890043,8860005,8850005,8880043,19,'ft-shaft-dev-0005_TMP_th19','19层分区','/TMP/ft-shaft-dev-0005_TMP_th19','ft-shaft-dev-0005',19,1,0,CURRENT_TIMESTAMP,CURRENT_TIMESTAMP);
UPDATE ECMS_D_ST_MONITOR_PARTITION_BIND SET partition_name = '19层分区[430-436]' WHERE id = 8890043;
INSERT INTO ECMS_D_ST_AREA (id,parent_id,name,type,path_ids,path_names,deleted,sort,created_on,updated_on) VALUES (8840044,8830005,'20层','FLOOR','8800001/8800002/8800003/8800004/8810002/8820005/8830005/8840044','深圳供电局/福田区/香蜜湖街道/香蜜社区/润雨居/1栋/1单元/20层',0,20,CURRENT_TIMESTAMP,CURRENT_TIMESTAMP);
INSERT INTO ECMS_D_ST_ORG (id,parent_id,name,type,path_ids,path_names,deleted,sort,created_on,updated_on) VALUES (8840044,8830005,'20层','FLOOR','8800001/8800002/8800003/8800004/8810002/8820005/8830005/8840044','深圳供电局/福田区/香蜜湖街道/香蜜社区/润雨居/1栋/1单元/20层',0,20,CURRENT_TIMESTAMP,CURRENT_TIMESTAMP);
INSERT INTO ECMS_D_ST_SHAFT_FLOOR (id,monitor_id,area_id,name,device_id,start_point,end_point,sort,deleted,created_on,updated_on) VALUES (8880044,8860005,8840044,'20层',8850005,0,0,20,0,CURRENT_TIMESTAMP,CURRENT_TIMESTAMP);
INSERT INTO ECMS_D_ST_MONITOR_PARTITION_BIND (id,monitor_id,device_id,shaft_floor_id,partition_id,partition_code,partition_name,data_reference,device_token,partition_no,bind_status,deleted,created_on,updated_on) VALUES (8890044,8860005,8850005,8880044,20,'ft-shaft-dev-0005_TMP_th20','20层分区','/TMP/ft-shaft-dev-0005_TMP_th20','ft-shaft-dev-0005',20,1,0,CURRENT_TIMESTAMP,CURRENT_TIMESTAMP);
UPDATE ECMS_D_ST_MONITOR_PARTITION_BIND SET partition_name = '20层分区[436-439]' WHERE id = 8890044;
INSERT INTO ECMS_D_ST_AREA (id,parent_id,name,type,path_ids,path_names,deleted,sort,created_on,updated_on) VALUES (8840045,8830005,'21层','FLOOR','8800001/8800002/8800003/8800004/8810002/8820005/8830005/8840045','深圳供电局/福田区/香蜜湖街道/香蜜社区/润雨居/1栋/1单元/21层',0,21,CURRENT_TIMESTAMP,CURRENT_TIMESTAMP);
INSERT INTO ECMS_D_ST_ORG (id,parent_id,name,type,path_ids,path_names,deleted,sort,created_on,updated_on) VALUES (8840045,8830005,'21层','FLOOR','8800001/8800002/8800003/8800004/8810002/8820005/8830005/8840045','深圳供电局/福田区/香蜜湖街道/香蜜社区/润雨居/1栋/1单元/21层',0,21,CURRENT_TIMESTAMP,CURRENT_TIMESTAMP);
INSERT INTO ECMS_D_ST_SHAFT_FLOOR (id,monitor_id,area_id,name,device_id,start_point,end_point,sort,deleted,created_on,updated_on) VALUES (8880045,8860005,8840045,'21层',8850005,0,0,21,0,CURRENT_TIMESTAMP,CURRENT_TIMESTAMP);
INSERT INTO ECMS_D_ST_MONITOR_PARTITION_BIND (id,monitor_id,device_id,shaft_floor_id,partition_id,partition_code,partition_name,data_reference,device_token,partition_no,bind_status,deleted,created_on,updated_on) VALUES (8890045,8860005,8850005,8880045,21,'ft-shaft-dev-0005_TMP_th21','21层分区','/TMP/ft-shaft-dev-0005_TMP_th21','ft-shaft-dev-0005',21,1,0,CURRENT_TIMESTAMP,CURRENT_TIMESTAMP);
UPDATE ECMS_D_ST_MONITOR_PARTITION_BIND SET partition_name = '21层分区[439-442]' WHERE id = 8890045;
INSERT INTO ECMS_D_ST_AREA (id,parent_id,name,type,path_ids,path_names,deleted,sort,created_on,updated_on) VALUES (8820006,8810002,'2栋','BUILDING','8800001/8800002/8800003/8800004/8810002/8820006','深圳供电局/福田区/香蜜湖街道/香蜜社区/润雨居/2栋',0,2,CURRENT_TIMESTAMP,CURRENT_TIMESTAMP);
INSERT INTO ECMS_D_ST_ORG (id,parent_id,name,type,path_ids,path_names,deleted,sort,created_on,updated_on) VALUES (8820006,8810002,'2栋','BUILDING','8800001/8800002/8800003/8800004/8810002/8820006','深圳供电局/福田区/香蜜湖街道/香蜜社区/润雨居/2栋',0,2,CURRENT_TIMESTAMP,CURRENT_TIMESTAMP);
INSERT INTO ECMS_D_ST_AREA (id,parent_id,name,type,path_ids,path_names,deleted,sort,created_on,updated_on) VALUES (8830006,8820006,'1单元','SHAFT','8800001/8800002/8800003/8800004/8810002/8820006/8830006','深圳供电局/福田区/香蜜湖街道/香蜜社区/润雨居/2栋/1单元',0,1,CURRENT_TIMESTAMP,CURRENT_TIMESTAMP);
INSERT INTO ECMS_D_ST_ORG (id,parent_id,name,type,path_ids,path_names,deleted,sort,created_on,updated_on) VALUES (8830006,8820006,'1单元','SHAFT','8800001/8800002/8800003/8800004/8810002/8820006/8830006','深圳供电局/福田区/香蜜湖街道/香蜜社区/润雨居/2栋/1单元',0,1,CURRENT_TIMESTAMP,CURRENT_TIMESTAMP);
INSERT INTO ECMS_D_ST_SHAFTEVICE_D (id,device_type,name,area_id,iot_code,model,manufacturer,asset_status,org_id,online_status,deleted,created_on,updated_on,remark) VALUES (8850006,'SHAFT_TEMP','润雨居2栋1单元竖井',8830006,'ft-shaft-dev-0006','TMP-V1','LEDGER_IMPORT','待接入',8830006,0,0,CURRENT_TIMESTAMP,CURRENT_TIMESTAMP,'福田区台账抽取');
INSERT INTO ECMS_D_ST_MONITOR (id,name,area_id,area_name,elevator_count,shaft_type,monitor_status,owner_company,device_id,remark,deleted,created_on,updated_on) VALUES (8860006,'润雨居2栋1单元竖井',8830006,'深圳供电局/福田区/香蜜湖街道/香蜜社区/润雨居/2栋/1单元',1,'POWER','RUNNING','深圳供电局',8850006,'福田区台账抽取',0,CURRENT_TIMESTAMP,CURRENT_TIMESTAMP);
INSERT INTO ECMS_D_ST_MONITOREVICE_BIND_D (id,monitor_id,device_id,bind_status,bind_time,deleted,created_on,updated_on) VALUES (8870006,8860006,8850006,1,CURRENT_TIMESTAMP,0,CURRENT_TIMESTAMP,CURRENT_TIMESTAMP);
INSERT INTO ECMS_D_ST_AREA (id,parent_id,name,type,path_ids,path_names,deleted,sort,created_on,updated_on) VALUES (8840046,8830006,'13层','FLOOR','8800001/8800002/8800003/8800004/8810002/8820006/8830006/8840046','深圳供电局/福田区/香蜜湖街道/香蜜社区/润雨居/2栋/1单元/13层',0,13,CURRENT_TIMESTAMP,CURRENT_TIMESTAMP);
INSERT INTO ECMS_D_ST_ORG (id,parent_id,name,type,path_ids,path_names,deleted,sort,created_on,updated_on) VALUES (8840046,8830006,'13层','FLOOR','8800001/8800002/8800003/8800004/8810002/8820006/8830006/8840046','深圳供电局/福田区/香蜜湖街道/香蜜社区/润雨居/2栋/1单元/13层',0,13,CURRENT_TIMESTAMP,CURRENT_TIMESTAMP);
INSERT INTO ECMS_D_ST_SHAFT_FLOOR (id,monitor_id,area_id,name,device_id,start_point,end_point,sort,deleted,created_on,updated_on) VALUES (8880046,8860006,8840046,'13层',8850006,0,0,13,0,CURRENT_TIMESTAMP,CURRENT_TIMESTAMP);
INSERT INTO ECMS_D_ST_MONITOR_PARTITION_BIND (id,monitor_id,device_id,shaft_floor_id,partition_id,partition_code,partition_name,data_reference,device_token,partition_no,bind_status,deleted,created_on,updated_on) VALUES (8890046,8860006,8850006,8880046,13,'ft-shaft-dev-0006_TMP_th13','13层分区','/TMP/ft-shaft-dev-0006_TMP_th13','ft-shaft-dev-0006',13,1,0,CURRENT_TIMESTAMP,CURRENT_TIMESTAMP);
UPDATE ECMS_D_ST_MONITOR_PARTITION_BIND SET partition_name = '13层分区[349-354]' WHERE id = 8890046;
INSERT INTO ECMS_D_ST_AREA (id,parent_id,name,type,path_ids,path_names,deleted,sort,created_on,updated_on) VALUES (8840047,8830006,'14层','FLOOR','8800001/8800002/8800003/8800004/8810002/8820006/8830006/8840047','深圳供电局/福田区/香蜜湖街道/香蜜社区/润雨居/2栋/1单元/14层',0,14,CURRENT_TIMESTAMP,CURRENT_TIMESTAMP);
INSERT INTO ECMS_D_ST_ORG (id,parent_id,name,type,path_ids,path_names,deleted,sort,created_on,updated_on) VALUES (8840047,8830006,'14层','FLOOR','8800001/8800002/8800003/8800004/8810002/8820006/8830006/8840047','深圳供电局/福田区/香蜜湖街道/香蜜社区/润雨居/2栋/1单元/14层',0,14,CURRENT_TIMESTAMP,CURRENT_TIMESTAMP);
INSERT INTO ECMS_D_ST_SHAFT_FLOOR (id,monitor_id,area_id,name,device_id,start_point,end_point,sort,deleted,created_on,updated_on) VALUES (8880047,8860006,8840047,'14层',8850006,0,0,14,0,CURRENT_TIMESTAMP,CURRENT_TIMESTAMP);
INSERT INTO ECMS_D_ST_MONITOR_PARTITION_BIND (id,monitor_id,device_id,shaft_floor_id,partition_id,partition_code,partition_name,data_reference,device_token,partition_no,bind_status,deleted,created_on,updated_on) VALUES (8890047,8860006,8850006,8880047,14,'ft-shaft-dev-0006_TMP_th14','14层分区','/TMP/ft-shaft-dev-0006_TMP_th14','ft-shaft-dev-0006',14,1,0,CURRENT_TIMESTAMP,CURRENT_TIMESTAMP);
UPDATE ECMS_D_ST_MONITOR_PARTITION_BIND SET partition_name = '14层分区[354-357]' WHERE id = 8890047;
INSERT INTO ECMS_D_ST_AREA (id,parent_id,name,type,path_ids,path_names,deleted,sort,created_on,updated_on) VALUES (8840048,8830006,'15层','FLOOR','8800001/8800002/8800003/8800004/8810002/8820006/8830006/8840048','深圳供电局/福田区/香蜜湖街道/香蜜社区/润雨居/2栋/1单元/15层',0,15,CURRENT_TIMESTAMP,CURRENT_TIMESTAMP);
INSERT INTO ECMS_D_ST_ORG (id,parent_id,name,type,path_ids,path_names,deleted,sort,created_on,updated_on) VALUES (8840048,8830006,'15层','FLOOR','8800001/8800002/8800003/8800004/8810002/8820006/8830006/8840048','深圳供电局/福田区/香蜜湖街道/香蜜社区/润雨居/2栋/1单元/15层',0,15,CURRENT_TIMESTAMP,CURRENT_TIMESTAMP);
INSERT INTO ECMS_D_ST_SHAFT_FLOOR (id,monitor_id,area_id,name,device_id,start_point,end_point,sort,deleted,created_on,updated_on) VALUES (8880048,8860006,8840048,'15层',8850006,0,0,15,0,CURRENT_TIMESTAMP,CURRENT_TIMESTAMP);
INSERT INTO ECMS_D_ST_MONITOR_PARTITION_BIND (id,monitor_id,device_id,shaft_floor_id,partition_id,partition_code,partition_name,data_reference,device_token,partition_no,bind_status,deleted,created_on,updated_on) VALUES (8890048,8860006,8850006,8880048,15,'ft-shaft-dev-0006_TMP_th15','15层分区','/TMP/ft-shaft-dev-0006_TMP_th15','ft-shaft-dev-0006',15,1,0,CURRENT_TIMESTAMP,CURRENT_TIMESTAMP);
UPDATE ECMS_D_ST_MONITOR_PARTITION_BIND SET partition_name = '15层分区[357-360]' WHERE id = 8890048;
INSERT INTO ECMS_D_ST_AREA (id,parent_id,name,type,path_ids,path_names,deleted,sort,created_on,updated_on) VALUES (8840049,8830006,'16层','FLOOR','8800001/8800002/8800003/8800004/8810002/8820006/8830006/8840049','深圳供电局/福田区/香蜜湖街道/香蜜社区/润雨居/2栋/1单元/16层',0,16,CURRENT_TIMESTAMP,CURRENT_TIMESTAMP);
INSERT INTO ECMS_D_ST_ORG (id,parent_id,name,type,path_ids,path_names,deleted,sort,created_on,updated_on) VALUES (8840049,8830006,'16层','FLOOR','8800001/8800002/8800003/8800004/8810002/8820006/8830006/8840049','深圳供电局/福田区/香蜜湖街道/香蜜社区/润雨居/2栋/1单元/16层',0,16,CURRENT_TIMESTAMP,CURRENT_TIMESTAMP);
INSERT INTO ECMS_D_ST_SHAFT_FLOOR (id,monitor_id,area_id,name,device_id,start_point,end_point,sort,deleted,created_on,updated_on) VALUES (8880049,8860006,8840049,'16层',8850006,0,0,16,0,CURRENT_TIMESTAMP,CURRENT_TIMESTAMP);
INSERT INTO ECMS_D_ST_MONITOR_PARTITION_BIND (id,monitor_id,device_id,shaft_floor_id,partition_id,partition_code,partition_name,data_reference,device_token,partition_no,bind_status,deleted,created_on,updated_on) VALUES (8890049,8860006,8850006,8880049,16,'ft-shaft-dev-0006_TMP_th16','16层分区','/TMP/ft-shaft-dev-0006_TMP_th16','ft-shaft-dev-0006',16,1,0,CURRENT_TIMESTAMP,CURRENT_TIMESTAMP);
UPDATE ECMS_D_ST_MONITOR_PARTITION_BIND SET partition_name = '16层分区[360-368]' WHERE id = 8890049;
INSERT INTO ECMS_D_ST_AREA (id,parent_id,name,type,path_ids,path_names,deleted,sort,created_on,updated_on) VALUES (8840050,8830006,'17层','FLOOR','8800001/8800002/8800003/8800004/8810002/8820006/8830006/8840050','深圳供电局/福田区/香蜜湖街道/香蜜社区/润雨居/2栋/1单元/17层',0,17,CURRENT_TIMESTAMP,CURRENT_TIMESTAMP);
INSERT INTO ECMS_D_ST_ORG (id,parent_id,name,type,path_ids,path_names,deleted,sort,created_on,updated_on) VALUES (8840050,8830006,'17层','FLOOR','8800001/8800002/8800003/8800004/8810002/8820006/8830006/8840050','深圳供电局/福田区/香蜜湖街道/香蜜社区/润雨居/2栋/1单元/17层',0,17,CURRENT_TIMESTAMP,CURRENT_TIMESTAMP);
INSERT INTO ECMS_D_ST_SHAFT_FLOOR (id,monitor_id,area_id,name,device_id,start_point,end_point,sort,deleted,created_on,updated_on) VALUES (8880050,8860006,8840050,'17层',8850006,0,0,17,0,CURRENT_TIMESTAMP,CURRENT_TIMESTAMP);
INSERT INTO ECMS_D_ST_MONITOR_PARTITION_BIND (id,monitor_id,device_id,shaft_floor_id,partition_id,partition_code,partition_name,data_reference,device_token,partition_no,bind_status,deleted,created_on,updated_on) VALUES (8890050,8860006,8850006,8880050,17,'ft-shaft-dev-0006_TMP_th17','17层分区','/TMP/ft-shaft-dev-0006_TMP_th17','ft-shaft-dev-0006',17,1,0,CURRENT_TIMESTAMP,CURRENT_TIMESTAMP);
UPDATE ECMS_D_ST_MONITOR_PARTITION_BIND SET partition_name = '17层分区[368-371]' WHERE id = 8890050;
INSERT INTO ECMS_D_ST_AREA (id,parent_id,name,type,path_ids,path_names,deleted,sort,created_on,updated_on) VALUES (8840051,8830006,'18层','FLOOR','8800001/8800002/8800003/8800004/8810002/8820006/8830006/8840051','深圳供电局/福田区/香蜜湖街道/香蜜社区/润雨居/2栋/1单元/18层',0,18,CURRENT_TIMESTAMP,CURRENT_TIMESTAMP);
INSERT INTO ECMS_D_ST_ORG (id,parent_id,name,type,path_ids,path_names,deleted,sort,created_on,updated_on) VALUES (8840051,8830006,'18层','FLOOR','8800001/8800002/8800003/8800004/8810002/8820006/8830006/8840051','深圳供电局/福田区/香蜜湖街道/香蜜社区/润雨居/2栋/1单元/18层',0,18,CURRENT_TIMESTAMP,CURRENT_TIMESTAMP);
INSERT INTO ECMS_D_ST_SHAFT_FLOOR (id,monitor_id,area_id,name,device_id,start_point,end_point,sort,deleted,created_on,updated_on) VALUES (8880051,8860006,8840051,'18层',8850006,0,0,18,0,CURRENT_TIMESTAMP,CURRENT_TIMESTAMP);
INSERT INTO ECMS_D_ST_MONITOR_PARTITION_BIND (id,monitor_id,device_id,shaft_floor_id,partition_id,partition_code,partition_name,data_reference,device_token,partition_no,bind_status,deleted,created_on,updated_on) VALUES (8890051,8860006,8850006,8880051,18,'ft-shaft-dev-0006_TMP_th18','18层分区','/TMP/ft-shaft-dev-0006_TMP_th18','ft-shaft-dev-0006',18,1,0,CURRENT_TIMESTAMP,CURRENT_TIMESTAMP);
UPDATE ECMS_D_ST_MONITOR_PARTITION_BIND SET partition_name = '18层分区[371-374]' WHERE id = 8890051;
INSERT INTO ECMS_D_ST_AREA (id,parent_id,name,type,path_ids,path_names,deleted,sort,created_on,updated_on) VALUES (8840052,8830006,'19层','FLOOR','8800001/8800002/8800003/8800004/8810002/8820006/8830006/8840052','深圳供电局/福田区/香蜜湖街道/香蜜社区/润雨居/2栋/1单元/19层',0,19,CURRENT_TIMESTAMP,CURRENT_TIMESTAMP);
INSERT INTO ECMS_D_ST_ORG (id,parent_id,name,type,path_ids,path_names,deleted,sort,created_on,updated_on) VALUES (8840052,8830006,'19层','FLOOR','8800001/8800002/8800003/8800004/8810002/8820006/8830006/8840052','深圳供电局/福田区/香蜜湖街道/香蜜社区/润雨居/2栋/1单元/19层',0,19,CURRENT_TIMESTAMP,CURRENT_TIMESTAMP);
INSERT INTO ECMS_D_ST_SHAFT_FLOOR (id,monitor_id,area_id,name,device_id,start_point,end_point,sort,deleted,created_on,updated_on) VALUES (8880052,8860006,8840052,'19层',8850006,0,0,19,0,CURRENT_TIMESTAMP,CURRENT_TIMESTAMP);
INSERT INTO ECMS_D_ST_MONITOR_PARTITION_BIND (id,monitor_id,device_id,shaft_floor_id,partition_id,partition_code,partition_name,data_reference,device_token,partition_no,bind_status,deleted,created_on,updated_on) VALUES (8890052,8860006,8850006,8880052,19,'ft-shaft-dev-0006_TMP_th19','19层分区','/TMP/ft-shaft-dev-0006_TMP_th19','ft-shaft-dev-0006',19,1,0,CURRENT_TIMESTAMP,CURRENT_TIMESTAMP);
UPDATE ECMS_D_ST_MONITOR_PARTITION_BIND SET partition_name = '19层分区[374-378]' WHERE id = 8890052;
INSERT INTO ECMS_D_ST_AREA (id,parent_id,name,type,path_ids,path_names,deleted,sort,created_on,updated_on) VALUES (8840053,8830006,'20层','FLOOR','8800001/8800002/8800003/8800004/8810002/8820006/8830006/8840053','深圳供电局/福田区/香蜜湖街道/香蜜社区/润雨居/2栋/1单元/20层',0,20,CURRENT_TIMESTAMP,CURRENT_TIMESTAMP);
INSERT INTO ECMS_D_ST_ORG (id,parent_id,name,type,path_ids,path_names,deleted,sort,created_on,updated_on) VALUES (8840053,8830006,'20层','FLOOR','8800001/8800002/8800003/8800004/8810002/8820006/8830006/8840053','深圳供电局/福田区/香蜜湖街道/香蜜社区/润雨居/2栋/1单元/20层',0,20,CURRENT_TIMESTAMP,CURRENT_TIMESTAMP);
INSERT INTO ECMS_D_ST_SHAFT_FLOOR (id,monitor_id,area_id,name,device_id,start_point,end_point,sort,deleted,created_on,updated_on) VALUES (8880053,8860006,8840053,'20层',8850006,0,0,20,0,CURRENT_TIMESTAMP,CURRENT_TIMESTAMP);
INSERT INTO ECMS_D_ST_MONITOR_PARTITION_BIND (id,monitor_id,device_id,shaft_floor_id,partition_id,partition_code,partition_name,data_reference,device_token,partition_no,bind_status,deleted,created_on,updated_on) VALUES (8890053,8860006,8850006,8880053,20,'ft-shaft-dev-0006_TMP_th20','20层分区','/TMP/ft-shaft-dev-0006_TMP_th20','ft-shaft-dev-0006',20,1,0,CURRENT_TIMESTAMP,CURRENT_TIMESTAMP);
UPDATE ECMS_D_ST_MONITOR_PARTITION_BIND SET partition_name = '20层分区[378-381]' WHERE id = 8890053;
INSERT INTO ECMS_D_ST_AREA (id,parent_id,name,type,path_ids,path_names,deleted,sort,created_on,updated_on) VALUES (8840054,8830006,'21层','FLOOR','8800001/8800002/8800003/8800004/8810002/8820006/8830006/8840054','深圳供电局/福田区/香蜜湖街道/香蜜社区/润雨居/2栋/1单元/21层',0,21,CURRENT_TIMESTAMP,CURRENT_TIMESTAMP);
INSERT INTO ECMS_D_ST_ORG (id,parent_id,name,type,path_ids,path_names,deleted,sort,created_on,updated_on) VALUES (8840054,8830006,'21层','FLOOR','8800001/8800002/8800003/8800004/8810002/8820006/8830006/8840054','深圳供电局/福田区/香蜜湖街道/香蜜社区/润雨居/2栋/1单元/21层',0,21,CURRENT_TIMESTAMP,CURRENT_TIMESTAMP);
INSERT INTO ECMS_D_ST_SHAFT_FLOOR (id,monitor_id,area_id,name,device_id,start_point,end_point,sort,deleted,created_on,updated_on) VALUES (8880054,8860006,8840054,'21层',8850006,0,0,21,0,CURRENT_TIMESTAMP,CURRENT_TIMESTAMP);
INSERT INTO ECMS_D_ST_MONITOR_PARTITION_BIND (id,monitor_id,device_id,shaft_floor_id,partition_id,partition_code,partition_name,data_reference,device_token,partition_no,bind_status,deleted,created_on,updated_on) VALUES (8890054,8860006,8850006,8880054,21,'ft-shaft-dev-0006_TMP_th21','21层分区','/TMP/ft-shaft-dev-0006_TMP_th21','ft-shaft-dev-0006',21,1,0,CURRENT_TIMESTAMP,CURRENT_TIMESTAMP);
UPDATE ECMS_D_ST_MONITOR_PARTITION_BIND SET partition_name = '21层分区[381-384]' WHERE id = 8890054;
INSERT INTO ECMS_D_ST_AREA (id,parent_id,name,type,path_ids,path_names,deleted,sort,created_on,updated_on) VALUES (8820007,8810002,'3栋','BUILDING','8800001/8800002/8800003/8800004/8810002/8820007','深圳供电局/福田区/香蜜湖街道/香蜜社区/润雨居/3栋',0,3,CURRENT_TIMESTAMP,CURRENT_TIMESTAMP);
INSERT INTO ECMS_D_ST_ORG (id,parent_id,name,type,path_ids,path_names,deleted,sort,created_on,updated_on) VALUES (8820007,8810002,'3栋','BUILDING','8800001/8800002/8800003/8800004/8810002/8820007','深圳供电局/福田区/香蜜湖街道/香蜜社区/润雨居/3栋',0,3,CURRENT_TIMESTAMP,CURRENT_TIMESTAMP);
INSERT INTO ECMS_D_ST_AREA (id,parent_id,name,type,path_ids,path_names,deleted,sort,created_on,updated_on) VALUES (8830007,8820007,'1单元','SHAFT','8800001/8800002/8800003/8800004/8810002/8820007/8830007','深圳供电局/福田区/香蜜湖街道/香蜜社区/润雨居/3栋/1单元',0,1,CURRENT_TIMESTAMP,CURRENT_TIMESTAMP);
INSERT INTO ECMS_D_ST_ORG (id,parent_id,name,type,path_ids,path_names,deleted,sort,created_on,updated_on) VALUES (8830007,8820007,'1单元','SHAFT','8800001/8800002/8800003/8800004/8810002/8820007/8830007','深圳供电局/福田区/香蜜湖街道/香蜜社区/润雨居/3栋/1单元',0,1,CURRENT_TIMESTAMP,CURRENT_TIMESTAMP);
INSERT INTO ECMS_D_ST_SHAFTEVICE_D (id,device_type,name,area_id,iot_code,model,manufacturer,asset_status,org_id,online_status,deleted,created_on,updated_on,remark) VALUES (8850007,'SHAFT_TEMP','润雨居3栋1单元竖井',8830007,'ft-shaft-dev-0007','TMP-V1','LEDGER_IMPORT','待接入',8830007,0,0,CURRENT_TIMESTAMP,CURRENT_TIMESTAMP,'福田区台账抽取');
INSERT INTO ECMS_D_ST_MONITOR (id,name,area_id,area_name,elevator_count,shaft_type,monitor_status,owner_company,device_id,remark,deleted,created_on,updated_on) VALUES (8860007,'润雨居3栋1单元竖井',8830007,'深圳供电局/福田区/香蜜湖街道/香蜜社区/润雨居/3栋/1单元',1,'POWER','RUNNING','深圳供电局',8850007,'福田区台账抽取',0,CURRENT_TIMESTAMP,CURRENT_TIMESTAMP);
INSERT INTO ECMS_D_ST_MONITOREVICE_BIND_D (id,monitor_id,device_id,bind_status,bind_time,deleted,created_on,updated_on) VALUES (8870007,8860007,8850007,1,CURRENT_TIMESTAMP,0,CURRENT_TIMESTAMP,CURRENT_TIMESTAMP);
INSERT INTO ECMS_D_ST_AREA (id,parent_id,name,type,path_ids,path_names,deleted,sort,created_on,updated_on) VALUES (8840055,8830007,'13层','FLOOR','8800001/8800002/8800003/8800004/8810002/8820007/8830007/8840055','深圳供电局/福田区/香蜜湖街道/香蜜社区/润雨居/3栋/1单元/13层',0,13,CURRENT_TIMESTAMP,CURRENT_TIMESTAMP);
INSERT INTO ECMS_D_ST_ORG (id,parent_id,name,type,path_ids,path_names,deleted,sort,created_on,updated_on) VALUES (8840055,8830007,'13层','FLOOR','8800001/8800002/8800003/8800004/8810002/8820007/8830007/8840055','深圳供电局/福田区/香蜜湖街道/香蜜社区/润雨居/3栋/1单元/13层',0,13,CURRENT_TIMESTAMP,CURRENT_TIMESTAMP);
INSERT INTO ECMS_D_ST_SHAFT_FLOOR (id,monitor_id,area_id,name,device_id,start_point,end_point,sort,deleted,created_on,updated_on) VALUES (8880055,8860007,8840055,'13层',8850007,0,0,13,0,CURRENT_TIMESTAMP,CURRENT_TIMESTAMP);
INSERT INTO ECMS_D_ST_MONITOR_PARTITION_BIND (id,monitor_id,device_id,shaft_floor_id,partition_id,partition_code,partition_name,data_reference,device_token,partition_no,bind_status,deleted,created_on,updated_on) VALUES (8890055,8860007,8850007,8880055,13,'ft-shaft-dev-0007_TMP_th13','13层分区','/TMP/ft-shaft-dev-0007_TMP_th13','ft-shaft-dev-0007',13,1,0,CURRENT_TIMESTAMP,CURRENT_TIMESTAMP);
UPDATE ECMS_D_ST_MONITOR_PARTITION_BIND SET partition_name = '13层分区[381-386]' WHERE id = 8890055;
INSERT INTO ECMS_D_ST_AREA (id,parent_id,name,type,path_ids,path_names,deleted,sort,created_on,updated_on) VALUES (8840056,8830007,'14层','FLOOR','8800001/8800002/8800003/8800004/8810002/8820007/8830007/8840056','深圳供电局/福田区/香蜜湖街道/香蜜社区/润雨居/3栋/1单元/14层',0,14,CURRENT_TIMESTAMP,CURRENT_TIMESTAMP);
INSERT INTO ECMS_D_ST_ORG (id,parent_id,name,type,path_ids,path_names,deleted,sort,created_on,updated_on) VALUES (8840056,8830007,'14层','FLOOR','8800001/8800002/8800003/8800004/8810002/8820007/8830007/8840056','深圳供电局/福田区/香蜜湖街道/香蜜社区/润雨居/3栋/1单元/14层',0,14,CURRENT_TIMESTAMP,CURRENT_TIMESTAMP);
INSERT INTO ECMS_D_ST_SHAFT_FLOOR (id,monitor_id,area_id,name,device_id,start_point,end_point,sort,deleted,created_on,updated_on) VALUES (8880056,8860007,8840056,'14层',8850007,0,0,14,0,CURRENT_TIMESTAMP,CURRENT_TIMESTAMP);
INSERT INTO ECMS_D_ST_MONITOR_PARTITION_BIND (id,monitor_id,device_id,shaft_floor_id,partition_id,partition_code,partition_name,data_reference,device_token,partition_no,bind_status,deleted,created_on,updated_on) VALUES (8890056,8860007,8850007,8880056,14,'ft-shaft-dev-0007_TMP_th14','14层分区','/TMP/ft-shaft-dev-0007_TMP_th14','ft-shaft-dev-0007',14,1,0,CURRENT_TIMESTAMP,CURRENT_TIMESTAMP);
UPDATE ECMS_D_ST_MONITOR_PARTITION_BIND SET partition_name = '14层分区[386-389]' WHERE id = 8890056;
INSERT INTO ECMS_D_ST_AREA (id,parent_id,name,type,path_ids,path_names,deleted,sort,created_on,updated_on) VALUES (8840057,8830007,'15层','FLOOR','8800001/8800002/8800003/8800004/8810002/8820007/8830007/8840057','深圳供电局/福田区/香蜜湖街道/香蜜社区/润雨居/3栋/1单元/15层',0,15,CURRENT_TIMESTAMP,CURRENT_TIMESTAMP);
INSERT INTO ECMS_D_ST_ORG (id,parent_id,name,type,path_ids,path_names,deleted,sort,created_on,updated_on) VALUES (8840057,8830007,'15层','FLOOR','8800001/8800002/8800003/8800004/8810002/8820007/8830007/8840057','深圳供电局/福田区/香蜜湖街道/香蜜社区/润雨居/3栋/1单元/15层',0,15,CURRENT_TIMESTAMP,CURRENT_TIMESTAMP);
INSERT INTO ECMS_D_ST_SHAFT_FLOOR (id,monitor_id,area_id,name,device_id,start_point,end_point,sort,deleted,created_on,updated_on) VALUES (8880057,8860007,8840057,'15层',8850007,0,0,15,0,CURRENT_TIMESTAMP,CURRENT_TIMESTAMP);
INSERT INTO ECMS_D_ST_MONITOR_PARTITION_BIND (id,monitor_id,device_id,shaft_floor_id,partition_id,partition_code,partition_name,data_reference,device_token,partition_no,bind_status,deleted,created_on,updated_on) VALUES (8890057,8860007,8850007,8880057,15,'ft-shaft-dev-0007_TMP_th15','15层分区','/TMP/ft-shaft-dev-0007_TMP_th15','ft-shaft-dev-0007',15,1,0,CURRENT_TIMESTAMP,CURRENT_TIMESTAMP);
UPDATE ECMS_D_ST_MONITOR_PARTITION_BIND SET partition_name = '15层分区[389-392]' WHERE id = 8890057;
INSERT INTO ECMS_D_ST_AREA (id,parent_id,name,type,path_ids,path_names,deleted,sort,created_on,updated_on) VALUES (8840058,8830007,'16层','FLOOR','8800001/8800002/8800003/8800004/8810002/8820007/8830007/8840058','深圳供电局/福田区/香蜜湖街道/香蜜社区/润雨居/3栋/1单元/16层',0,16,CURRENT_TIMESTAMP,CURRENT_TIMESTAMP);
INSERT INTO ECMS_D_ST_ORG (id,parent_id,name,type,path_ids,path_names,deleted,sort,created_on,updated_on) VALUES (8840058,8830007,'16层','FLOOR','8800001/8800002/8800003/8800004/8810002/8820007/8830007/8840058','深圳供电局/福田区/香蜜湖街道/香蜜社区/润雨居/3栋/1单元/16层',0,16,CURRENT_TIMESTAMP,CURRENT_TIMESTAMP);
INSERT INTO ECMS_D_ST_SHAFT_FLOOR (id,monitor_id,area_id,name,device_id,start_point,end_point,sort,deleted,created_on,updated_on) VALUES (8880058,8860007,8840058,'16层',8850007,0,0,16,0,CURRENT_TIMESTAMP,CURRENT_TIMESTAMP);
INSERT INTO ECMS_D_ST_MONITOR_PARTITION_BIND (id,monitor_id,device_id,shaft_floor_id,partition_id,partition_code,partition_name,data_reference,device_token,partition_no,bind_status,deleted,created_on,updated_on) VALUES (8890058,8860007,8850007,8880058,16,'ft-shaft-dev-0007_TMP_th16','16层分区','/TMP/ft-shaft-dev-0007_TMP_th16','ft-shaft-dev-0007',16,1,0,CURRENT_TIMESTAMP,CURRENT_TIMESTAMP);
UPDATE ECMS_D_ST_MONITOR_PARTITION_BIND SET partition_name = '16层分区[392-396]' WHERE id = 8890058;
INSERT INTO ECMS_D_ST_AREA (id,parent_id,name,type,path_ids,path_names,deleted,sort,created_on,updated_on) VALUES (8840059,8830007,'17层','FLOOR','8800001/8800002/8800003/8800004/8810002/8820007/8830007/8840059','深圳供电局/福田区/香蜜湖街道/香蜜社区/润雨居/3栋/1单元/17层',0,17,CURRENT_TIMESTAMP,CURRENT_TIMESTAMP);
INSERT INTO ECMS_D_ST_ORG (id,parent_id,name,type,path_ids,path_names,deleted,sort,created_on,updated_on) VALUES (8840059,8830007,'17层','FLOOR','8800001/8800002/8800003/8800004/8810002/8820007/8830007/8840059','深圳供电局/福田区/香蜜湖街道/香蜜社区/润雨居/3栋/1单元/17层',0,17,CURRENT_TIMESTAMP,CURRENT_TIMESTAMP);
INSERT INTO ECMS_D_ST_SHAFT_FLOOR (id,monitor_id,area_id,name,device_id,start_point,end_point,sort,deleted,created_on,updated_on) VALUES (8880059,8860007,8840059,'17层',8850007,0,0,17,0,CURRENT_TIMESTAMP,CURRENT_TIMESTAMP);
INSERT INTO ECMS_D_ST_MONITOR_PARTITION_BIND (id,monitor_id,device_id,shaft_floor_id,partition_id,partition_code,partition_name,data_reference,device_token,partition_no,bind_status,deleted,created_on,updated_on) VALUES (8890059,8860007,8850007,8880059,17,'ft-shaft-dev-0007_TMP_th17','17层分区','/TMP/ft-shaft-dev-0007_TMP_th17','ft-shaft-dev-0007',17,1,0,CURRENT_TIMESTAMP,CURRENT_TIMESTAMP);
UPDATE ECMS_D_ST_MONITOR_PARTITION_BIND SET partition_name = '17层分区[396-402]' WHERE id = 8890059;
INSERT INTO ECMS_D_ST_AREA (id,parent_id,name,type,path_ids,path_names,deleted,sort,created_on,updated_on) VALUES (8840060,8830007,'18层','FLOOR','8800001/8800002/8800003/8800004/8810002/8820007/8830007/8840060','深圳供电局/福田区/香蜜湖街道/香蜜社区/润雨居/3栋/1单元/18层',0,18,CURRENT_TIMESTAMP,CURRENT_TIMESTAMP);
INSERT INTO ECMS_D_ST_ORG (id,parent_id,name,type,path_ids,path_names,deleted,sort,created_on,updated_on) VALUES (8840060,8830007,'18层','FLOOR','8800001/8800002/8800003/8800004/8810002/8820007/8830007/8840060','深圳供电局/福田区/香蜜湖街道/香蜜社区/润雨居/3栋/1单元/18层',0,18,CURRENT_TIMESTAMP,CURRENT_TIMESTAMP);
INSERT INTO ECMS_D_ST_SHAFT_FLOOR (id,monitor_id,area_id,name,device_id,start_point,end_point,sort,deleted,created_on,updated_on) VALUES (8880060,8860007,8840060,'18层',8850007,0,0,18,0,CURRENT_TIMESTAMP,CURRENT_TIMESTAMP);
INSERT INTO ECMS_D_ST_MONITOR_PARTITION_BIND (id,monitor_id,device_id,shaft_floor_id,partition_id,partition_code,partition_name,data_reference,device_token,partition_no,bind_status,deleted,created_on,updated_on) VALUES (8890060,8860007,8850007,8880060,18,'ft-shaft-dev-0007_TMP_th18','18层分区','/TMP/ft-shaft-dev-0007_TMP_th18','ft-shaft-dev-0007',18,1,0,CURRENT_TIMESTAMP,CURRENT_TIMESTAMP);
UPDATE ECMS_D_ST_MONITOR_PARTITION_BIND SET partition_name = '18层分区[402-406]' WHERE id = 8890060;
INSERT INTO ECMS_D_ST_AREA (id,parent_id,name,type,path_ids,path_names,deleted,sort,created_on,updated_on) VALUES (8840061,8830007,'19层','FLOOR','8800001/8800002/8800003/8800004/8810002/8820007/8830007/8840061','深圳供电局/福田区/香蜜湖街道/香蜜社区/润雨居/3栋/1单元/19层',0,19,CURRENT_TIMESTAMP,CURRENT_TIMESTAMP);
INSERT INTO ECMS_D_ST_ORG (id,parent_id,name,type,path_ids,path_names,deleted,sort,created_on,updated_on) VALUES (8840061,8830007,'19层','FLOOR','8800001/8800002/8800003/8800004/8810002/8820007/8830007/8840061','深圳供电局/福田区/香蜜湖街道/香蜜社区/润雨居/3栋/1单元/19层',0,19,CURRENT_TIMESTAMP,CURRENT_TIMESTAMP);
INSERT INTO ECMS_D_ST_SHAFT_FLOOR (id,monitor_id,area_id,name,device_id,start_point,end_point,sort,deleted,created_on,updated_on) VALUES (8880061,8860007,8840061,'19层',8850007,0,0,19,0,CURRENT_TIMESTAMP,CURRENT_TIMESTAMP);
INSERT INTO ECMS_D_ST_MONITOR_PARTITION_BIND (id,monitor_id,device_id,shaft_floor_id,partition_id,partition_code,partition_name,data_reference,device_token,partition_no,bind_status,deleted,created_on,updated_on) VALUES (8890061,8860007,8850007,8880061,19,'ft-shaft-dev-0007_TMP_th19','19层分区','/TMP/ft-shaft-dev-0007_TMP_th19','ft-shaft-dev-0007',19,1,0,CURRENT_TIMESTAMP,CURRENT_TIMESTAMP);
UPDATE ECMS_D_ST_MONITOR_PARTITION_BIND SET partition_name = '19层分区[406-409]' WHERE id = 8890061;
INSERT INTO ECMS_D_ST_AREA (id,parent_id,name,type,path_ids,path_names,deleted,sort,created_on,updated_on) VALUES (8840062,8830007,'20层','FLOOR','8800001/8800002/8800003/8800004/8810002/8820007/8830007/8840062','深圳供电局/福田区/香蜜湖街道/香蜜社区/润雨居/3栋/1单元/20层',0,20,CURRENT_TIMESTAMP,CURRENT_TIMESTAMP);
INSERT INTO ECMS_D_ST_ORG (id,parent_id,name,type,path_ids,path_names,deleted,sort,created_on,updated_on) VALUES (8840062,8830007,'20层','FLOOR','8800001/8800002/8800003/8800004/8810002/8820007/8830007/8840062','深圳供电局/福田区/香蜜湖街道/香蜜社区/润雨居/3栋/1单元/20层',0,20,CURRENT_TIMESTAMP,CURRENT_TIMESTAMP);
INSERT INTO ECMS_D_ST_SHAFT_FLOOR (id,monitor_id,area_id,name,device_id,start_point,end_point,sort,deleted,created_on,updated_on) VALUES (8880062,8860007,8840062,'20层',8850007,0,0,20,0,CURRENT_TIMESTAMP,CURRENT_TIMESTAMP);
INSERT INTO ECMS_D_ST_MONITOR_PARTITION_BIND (id,monitor_id,device_id,shaft_floor_id,partition_id,partition_code,partition_name,data_reference,device_token,partition_no,bind_status,deleted,created_on,updated_on) VALUES (8890062,8860007,8850007,8880062,20,'ft-shaft-dev-0007_TMP_th20','20层分区','/TMP/ft-shaft-dev-0007_TMP_th20','ft-shaft-dev-0007',20,1,0,CURRENT_TIMESTAMP,CURRENT_TIMESTAMP);
UPDATE ECMS_D_ST_MONITOR_PARTITION_BIND SET partition_name = '20层分区[409-412]' WHERE id = 8890062;
INSERT INTO ECMS_D_ST_AREA (id,parent_id,name,type,path_ids,path_names,deleted,sort,created_on,updated_on) VALUES (8840063,8830007,'21层','FLOOR','8800001/8800002/8800003/8800004/8810002/8820007/8830007/8840063','深圳供电局/福田区/香蜜湖街道/香蜜社区/润雨居/3栋/1单元/21层',0,21,CURRENT_TIMESTAMP,CURRENT_TIMESTAMP);
INSERT INTO ECMS_D_ST_ORG (id,parent_id,name,type,path_ids,path_names,deleted,sort,created_on,updated_on) VALUES (8840063,8830007,'21层','FLOOR','8800001/8800002/8800003/8800004/8810002/8820007/8830007/8840063','深圳供电局/福田区/香蜜湖街道/香蜜社区/润雨居/3栋/1单元/21层',0,21,CURRENT_TIMESTAMP,CURRENT_TIMESTAMP);
INSERT INTO ECMS_D_ST_SHAFT_FLOOR (id,monitor_id,area_id,name,device_id,start_point,end_point,sort,deleted,created_on,updated_on) VALUES (8880063,8860007,8840063,'21层',8850007,0,0,21,0,CURRENT_TIMESTAMP,CURRENT_TIMESTAMP);
INSERT INTO ECMS_D_ST_MONITOR_PARTITION_BIND (id,monitor_id,device_id,shaft_floor_id,partition_id,partition_code,partition_name,data_reference,device_token,partition_no,bind_status,deleted,created_on,updated_on) VALUES (8890063,8860007,8850007,8880063,21,'ft-shaft-dev-0007_TMP_th21','21层分区','/TMP/ft-shaft-dev-0007_TMP_th21','ft-shaft-dev-0007',21,1,0,CURRENT_TIMESTAMP,CURRENT_TIMESTAMP);
UPDATE ECMS_D_ST_MONITOR_PARTITION_BIND SET partition_name = '21层分区[412-417]' WHERE id = 8890063;
INSERT INTO ECMS_D_ST_AREA (id,parent_id,name,type,path_ids,path_names,deleted,sort,created_on,updated_on) VALUES (8820008,8810002,'5栋','BUILDING','8800001/8800002/8800003/8800004/8810002/8820008','深圳供电局/福田区/香蜜湖街道/香蜜社区/润雨居/5栋',0,5,CURRENT_TIMESTAMP,CURRENT_TIMESTAMP);
INSERT INTO ECMS_D_ST_ORG (id,parent_id,name,type,path_ids,path_names,deleted,sort,created_on,updated_on) VALUES (8820008,8810002,'5栋','BUILDING','8800001/8800002/8800003/8800004/8810002/8820008','深圳供电局/福田区/香蜜湖街道/香蜜社区/润雨居/5栋',0,5,CURRENT_TIMESTAMP,CURRENT_TIMESTAMP);
INSERT INTO ECMS_D_ST_AREA (id,parent_id,name,type,path_ids,path_names,deleted,sort,created_on,updated_on) VALUES (8830008,8820008,'1单元','SHAFT','8800001/8800002/8800003/8800004/8810002/8820008/8830008','深圳供电局/福田区/香蜜湖街道/香蜜社区/润雨居/5栋/1单元',0,1,CURRENT_TIMESTAMP,CURRENT_TIMESTAMP);
INSERT INTO ECMS_D_ST_ORG (id,parent_id,name,type,path_ids,path_names,deleted,sort,created_on,updated_on) VALUES (8830008,8820008,'1单元','SHAFT','8800001/8800002/8800003/8800004/8810002/8820008/8830008','深圳供电局/福田区/香蜜湖街道/香蜜社区/润雨居/5栋/1单元',0,1,CURRENT_TIMESTAMP,CURRENT_TIMESTAMP);
INSERT INTO ECMS_D_ST_SHAFTEVICE_D (id,device_type,name,area_id,iot_code,model,manufacturer,asset_status,org_id,online_status,deleted,created_on,updated_on,remark) VALUES (8850008,'SHAFT_TEMP','润雨居5栋1单元竖井',8830008,'ft-shaft-dev-0008','TMP-V1','LEDGER_IMPORT','待接入',8830008,0,0,CURRENT_TIMESTAMP,CURRENT_TIMESTAMP,'福田区台账抽取');
INSERT INTO ECMS_D_ST_MONITOR (id,name,area_id,area_name,elevator_count,shaft_type,monitor_status,owner_company,device_id,remark,deleted,created_on,updated_on) VALUES (8860008,'润雨居5栋1单元竖井',8830008,'深圳供电局/福田区/香蜜湖街道/香蜜社区/润雨居/5栋/1单元',1,'POWER','RUNNING','深圳供电局',8850008,'福田区台账抽取',0,CURRENT_TIMESTAMP,CURRENT_TIMESTAMP);
INSERT INTO ECMS_D_ST_MONITOREVICE_BIND_D (id,monitor_id,device_id,bind_status,bind_time,deleted,created_on,updated_on) VALUES (8870008,8860008,8850008,1,CURRENT_TIMESTAMP,0,CURRENT_TIMESTAMP,CURRENT_TIMESTAMP);
INSERT INTO ECMS_D_ST_AREA (id,parent_id,name,type,path_ids,path_names,deleted,sort,created_on,updated_on) VALUES (8840064,8830008,'13层','FLOOR','8800001/8800002/8800003/8800004/8810002/8820008/8830008/8840064','深圳供电局/福田区/香蜜湖街道/香蜜社区/润雨居/5栋/1单元/13层',0,13,CURRENT_TIMESTAMP,CURRENT_TIMESTAMP);
INSERT INTO ECMS_D_ST_ORG (id,parent_id,name,type,path_ids,path_names,deleted,sort,created_on,updated_on) VALUES (8840064,8830008,'13层','FLOOR','8800001/8800002/8800003/8800004/8810002/8820008/8830008/8840064','深圳供电局/福田区/香蜜湖街道/香蜜社区/润雨居/5栋/1单元/13层',0,13,CURRENT_TIMESTAMP,CURRENT_TIMESTAMP);
INSERT INTO ECMS_D_ST_SHAFT_FLOOR (id,monitor_id,area_id,name,device_id,start_point,end_point,sort,deleted,created_on,updated_on) VALUES (8880064,8860008,8840064,'13层',8850008,0,0,13,0,CURRENT_TIMESTAMP,CURRENT_TIMESTAMP);
INSERT INTO ECMS_D_ST_MONITOR_PARTITION_BIND (id,monitor_id,device_id,shaft_floor_id,partition_id,partition_code,partition_name,data_reference,device_token,partition_no,bind_status,deleted,created_on,updated_on) VALUES (8890064,8860008,8850008,8880064,13,'ft-shaft-dev-0008_TMP_th13','13层分区','/TMP/ft-shaft-dev-0008_TMP_th13','ft-shaft-dev-0008',13,1,0,CURRENT_TIMESTAMP,CURRENT_TIMESTAMP);
UPDATE ECMS_D_ST_MONITOR_PARTITION_BIND SET partition_name = '13层分区[449-454]' WHERE id = 8890064;
INSERT INTO ECMS_D_ST_AREA (id,parent_id,name,type,path_ids,path_names,deleted,sort,created_on,updated_on) VALUES (8840065,8830008,'14层','FLOOR','8800001/8800002/8800003/8800004/8810002/8820008/8830008/8840065','深圳供电局/福田区/香蜜湖街道/香蜜社区/润雨居/5栋/1单元/14层',0,14,CURRENT_TIMESTAMP,CURRENT_TIMESTAMP);
INSERT INTO ECMS_D_ST_ORG (id,parent_id,name,type,path_ids,path_names,deleted,sort,created_on,updated_on) VALUES (8840065,8830008,'14层','FLOOR','8800001/8800002/8800003/8800004/8810002/8820008/8830008/8840065','深圳供电局/福田区/香蜜湖街道/香蜜社区/润雨居/5栋/1单元/14层',0,14,CURRENT_TIMESTAMP,CURRENT_TIMESTAMP);
INSERT INTO ECMS_D_ST_SHAFT_FLOOR (id,monitor_id,area_id,name,device_id,start_point,end_point,sort,deleted,created_on,updated_on) VALUES (8880065,8860008,8840065,'14层',8850008,0,0,14,0,CURRENT_TIMESTAMP,CURRENT_TIMESTAMP);
INSERT INTO ECMS_D_ST_MONITOR_PARTITION_BIND (id,monitor_id,device_id,shaft_floor_id,partition_id,partition_code,partition_name,data_reference,device_token,partition_no,bind_status,deleted,created_on,updated_on) VALUES (8890065,8860008,8850008,8880065,14,'ft-shaft-dev-0008_TMP_th14','14层分区','/TMP/ft-shaft-dev-0008_TMP_th14','ft-shaft-dev-0008',14,1,0,CURRENT_TIMESTAMP,CURRENT_TIMESTAMP);
UPDATE ECMS_D_ST_MONITOR_PARTITION_BIND SET partition_name = '14层分区[454-457]' WHERE id = 8890065;
INSERT INTO ECMS_D_ST_AREA (id,parent_id,name,type,path_ids,path_names,deleted,sort,created_on,updated_on) VALUES (8840066,8830008,'15层','FLOOR','8800001/8800002/8800003/8800004/8810002/8820008/8830008/8840066','深圳供电局/福田区/香蜜湖街道/香蜜社区/润雨居/5栋/1单元/15层',0,15,CURRENT_TIMESTAMP,CURRENT_TIMESTAMP);
INSERT INTO ECMS_D_ST_ORG (id,parent_id,name,type,path_ids,path_names,deleted,sort,created_on,updated_on) VALUES (8840066,8830008,'15层','FLOOR','8800001/8800002/8800003/8800004/8810002/8820008/8830008/8840066','深圳供电局/福田区/香蜜湖街道/香蜜社区/润雨居/5栋/1单元/15层',0,15,CURRENT_TIMESTAMP,CURRENT_TIMESTAMP);
INSERT INTO ECMS_D_ST_SHAFT_FLOOR (id,monitor_id,area_id,name,device_id,start_point,end_point,sort,deleted,created_on,updated_on) VALUES (8880066,8860008,8840066,'15层',8850008,0,0,15,0,CURRENT_TIMESTAMP,CURRENT_TIMESTAMP);
INSERT INTO ECMS_D_ST_MONITOR_PARTITION_BIND (id,monitor_id,device_id,shaft_floor_id,partition_id,partition_code,partition_name,data_reference,device_token,partition_no,bind_status,deleted,created_on,updated_on) VALUES (8890066,8860008,8850008,8880066,15,'ft-shaft-dev-0008_TMP_th15','15层分区','/TMP/ft-shaft-dev-0008_TMP_th15','ft-shaft-dev-0008',15,1,0,CURRENT_TIMESTAMP,CURRENT_TIMESTAMP);
UPDATE ECMS_D_ST_MONITOR_PARTITION_BIND SET partition_name = '15层分区[457-460]' WHERE id = 8890066;
INSERT INTO ECMS_D_ST_AREA (id,parent_id,name,type,path_ids,path_names,deleted,sort,created_on,updated_on) VALUES (8840067,8830008,'16层','FLOOR','8800001/8800002/8800003/8800004/8810002/8820008/8830008/8840067','深圳供电局/福田区/香蜜湖街道/香蜜社区/润雨居/5栋/1单元/16层',0,16,CURRENT_TIMESTAMP,CURRENT_TIMESTAMP);
INSERT INTO ECMS_D_ST_ORG (id,parent_id,name,type,path_ids,path_names,deleted,sort,created_on,updated_on) VALUES (8840067,8830008,'16层','FLOOR','8800001/8800002/8800003/8800004/8810002/8820008/8830008/8840067','深圳供电局/福田区/香蜜湖街道/香蜜社区/润雨居/5栋/1单元/16层',0,16,CURRENT_TIMESTAMP,CURRENT_TIMESTAMP);
INSERT INTO ECMS_D_ST_SHAFT_FLOOR (id,monitor_id,area_id,name,device_id,start_point,end_point,sort,deleted,created_on,updated_on) VALUES (8880067,8860008,8840067,'16层',8850008,0,0,16,0,CURRENT_TIMESTAMP,CURRENT_TIMESTAMP);
INSERT INTO ECMS_D_ST_MONITOR_PARTITION_BIND (id,monitor_id,device_id,shaft_floor_id,partition_id,partition_code,partition_name,data_reference,device_token,partition_no,bind_status,deleted,created_on,updated_on) VALUES (8890067,8860008,8850008,8880067,16,'ft-shaft-dev-0008_TMP_th16','16层分区','/TMP/ft-shaft-dev-0008_TMP_th16','ft-shaft-dev-0008',16,1,0,CURRENT_TIMESTAMP,CURRENT_TIMESTAMP);
UPDATE ECMS_D_ST_MONITOR_PARTITION_BIND SET partition_name = '16层分区[460-464]' WHERE id = 8890067;
INSERT INTO ECMS_D_ST_AREA (id,parent_id,name,type,path_ids,path_names,deleted,sort,created_on,updated_on) VALUES (8840068,8830008,'17层','FLOOR','8800001/8800002/8800003/8800004/8810002/8820008/8830008/8840068','深圳供电局/福田区/香蜜湖街道/香蜜社区/润雨居/5栋/1单元/17层',0,17,CURRENT_TIMESTAMP,CURRENT_TIMESTAMP);
INSERT INTO ECMS_D_ST_ORG (id,parent_id,name,type,path_ids,path_names,deleted,sort,created_on,updated_on) VALUES (8840068,8830008,'17层','FLOOR','8800001/8800002/8800003/8800004/8810002/8820008/8830008/8840068','深圳供电局/福田区/香蜜湖街道/香蜜社区/润雨居/5栋/1单元/17层',0,17,CURRENT_TIMESTAMP,CURRENT_TIMESTAMP);
INSERT INTO ECMS_D_ST_SHAFT_FLOOR (id,monitor_id,area_id,name,device_id,start_point,end_point,sort,deleted,created_on,updated_on) VALUES (8880068,8860008,8840068,'17层',8850008,0,0,17,0,CURRENT_TIMESTAMP,CURRENT_TIMESTAMP);
INSERT INTO ECMS_D_ST_MONITOR_PARTITION_BIND (id,monitor_id,device_id,shaft_floor_id,partition_id,partition_code,partition_name,data_reference,device_token,partition_no,bind_status,deleted,created_on,updated_on) VALUES (8890068,8860008,8850008,8880068,17,'ft-shaft-dev-0008_TMP_th17','17层分区','/TMP/ft-shaft-dev-0008_TMP_th17','ft-shaft-dev-0008',17,1,0,CURRENT_TIMESTAMP,CURRENT_TIMESTAMP);
UPDATE ECMS_D_ST_MONITOR_PARTITION_BIND SET partition_name = '17层分区[464-467]' WHERE id = 8890068;
INSERT INTO ECMS_D_ST_AREA (id,parent_id,name,type,path_ids,path_names,deleted,sort,created_on,updated_on) VALUES (8840069,8830008,'18层','FLOOR','8800001/8800002/8800003/8800004/8810002/8820008/8830008/8840069','深圳供电局/福田区/香蜜湖街道/香蜜社区/润雨居/5栋/1单元/18层',0,18,CURRENT_TIMESTAMP,CURRENT_TIMESTAMP);
INSERT INTO ECMS_D_ST_ORG (id,parent_id,name,type,path_ids,path_names,deleted,sort,created_on,updated_on) VALUES (8840069,8830008,'18层','FLOOR','8800001/8800002/8800003/8800004/8810002/8820008/8830008/8840069','深圳供电局/福田区/香蜜湖街道/香蜜社区/润雨居/5栋/1单元/18层',0,18,CURRENT_TIMESTAMP,CURRENT_TIMESTAMP);
INSERT INTO ECMS_D_ST_SHAFT_FLOOR (id,monitor_id,area_id,name,device_id,start_point,end_point,sort,deleted,created_on,updated_on) VALUES (8880069,8860008,8840069,'18层',8850008,0,0,18,0,CURRENT_TIMESTAMP,CURRENT_TIMESTAMP);
INSERT INTO ECMS_D_ST_MONITOR_PARTITION_BIND (id,monitor_id,device_id,shaft_floor_id,partition_id,partition_code,partition_name,data_reference,device_token,partition_no,bind_status,deleted,created_on,updated_on) VALUES (8890069,8860008,8850008,8880069,18,'ft-shaft-dev-0008_TMP_th18','18层分区','/TMP/ft-shaft-dev-0008_TMP_th18','ft-shaft-dev-0008',18,1,0,CURRENT_TIMESTAMP,CURRENT_TIMESTAMP);
UPDATE ECMS_D_ST_MONITOR_PARTITION_BIND SET partition_name = '18层分区[467-473]' WHERE id = 8890069;
INSERT INTO ECMS_D_ST_AREA (id,parent_id,name,type,path_ids,path_names,deleted,sort,created_on,updated_on) VALUES (8840070,8830008,'19层','FLOOR','8800001/8800002/8800003/8800004/8810002/8820008/8830008/8840070','深圳供电局/福田区/香蜜湖街道/香蜜社区/润雨居/5栋/1单元/19层',0,19,CURRENT_TIMESTAMP,CURRENT_TIMESTAMP);
INSERT INTO ECMS_D_ST_ORG (id,parent_id,name,type,path_ids,path_names,deleted,sort,created_on,updated_on) VALUES (8840070,8830008,'19层','FLOOR','8800001/8800002/8800003/8800004/8810002/8820008/8830008/8840070','深圳供电局/福田区/香蜜湖街道/香蜜社区/润雨居/5栋/1单元/19层',0,19,CURRENT_TIMESTAMP,CURRENT_TIMESTAMP);
INSERT INTO ECMS_D_ST_SHAFT_FLOOR (id,monitor_id,area_id,name,device_id,start_point,end_point,sort,deleted,created_on,updated_on) VALUES (8880070,8860008,8840070,'19层',8850008,0,0,19,0,CURRENT_TIMESTAMP,CURRENT_TIMESTAMP);
INSERT INTO ECMS_D_ST_MONITOR_PARTITION_BIND (id,monitor_id,device_id,shaft_floor_id,partition_id,partition_code,partition_name,data_reference,device_token,partition_no,bind_status,deleted,created_on,updated_on) VALUES (8890070,8860008,8850008,8880070,19,'ft-shaft-dev-0008_TMP_th19','19层分区','/TMP/ft-shaft-dev-0008_TMP_th19','ft-shaft-dev-0008',19,1,0,CURRENT_TIMESTAMP,CURRENT_TIMESTAMP);
UPDATE ECMS_D_ST_MONITOR_PARTITION_BIND SET partition_name = '19层分区[473-477]' WHERE id = 8890070;
INSERT INTO ECMS_D_ST_AREA (id,parent_id,name,type,path_ids,path_names,deleted,sort,created_on,updated_on) VALUES (8840071,8830008,'20层','FLOOR','8800001/8800002/8800003/8800004/8810002/8820008/8830008/8840071','深圳供电局/福田区/香蜜湖街道/香蜜社区/润雨居/5栋/1单元/20层',0,20,CURRENT_TIMESTAMP,CURRENT_TIMESTAMP);
INSERT INTO ECMS_D_ST_ORG (id,parent_id,name,type,path_ids,path_names,deleted,sort,created_on,updated_on) VALUES (8840071,8830008,'20层','FLOOR','8800001/8800002/8800003/8800004/8810002/8820008/8830008/8840071','深圳供电局/福田区/香蜜湖街道/香蜜社区/润雨居/5栋/1单元/20层',0,20,CURRENT_TIMESTAMP,CURRENT_TIMESTAMP);
INSERT INTO ECMS_D_ST_SHAFT_FLOOR (id,monitor_id,area_id,name,device_id,start_point,end_point,sort,deleted,created_on,updated_on) VALUES (8880071,8860008,8840071,'20层',8850008,0,0,20,0,CURRENT_TIMESTAMP,CURRENT_TIMESTAMP);
INSERT INTO ECMS_D_ST_MONITOR_PARTITION_BIND (id,monitor_id,device_id,shaft_floor_id,partition_id,partition_code,partition_name,data_reference,device_token,partition_no,bind_status,deleted,created_on,updated_on) VALUES (8890071,8860008,8850008,8880071,20,'ft-shaft-dev-0008_TMP_th20','20层分区','/TMP/ft-shaft-dev-0008_TMP_th20','ft-shaft-dev-0008',20,1,0,CURRENT_TIMESTAMP,CURRENT_TIMESTAMP);
UPDATE ECMS_D_ST_MONITOR_PARTITION_BIND SET partition_name = '20层分区[477-481]' WHERE id = 8890071;
INSERT INTO ECMS_D_ST_AREA (id,parent_id,name,type,path_ids,path_names,deleted,sort,created_on,updated_on) VALUES (8840072,8830008,'21层','FLOOR','8800001/8800002/8800003/8800004/8810002/8820008/8830008/8840072','深圳供电局/福田区/香蜜湖街道/香蜜社区/润雨居/5栋/1单元/21层',0,21,CURRENT_TIMESTAMP,CURRENT_TIMESTAMP);
INSERT INTO ECMS_D_ST_ORG (id,parent_id,name,type,path_ids,path_names,deleted,sort,created_on,updated_on) VALUES (8840072,8830008,'21层','FLOOR','8800001/8800002/8800003/8800004/8810002/8820008/8830008/8840072','深圳供电局/福田区/香蜜湖街道/香蜜社区/润雨居/5栋/1单元/21层',0,21,CURRENT_TIMESTAMP,CURRENT_TIMESTAMP);
INSERT INTO ECMS_D_ST_SHAFT_FLOOR (id,monitor_id,area_id,name,device_id,start_point,end_point,sort,deleted,created_on,updated_on) VALUES (8880072,8860008,8840072,'21层',8850008,0,0,21,0,CURRENT_TIMESTAMP,CURRENT_TIMESTAMP);
INSERT INTO ECMS_D_ST_MONITOR_PARTITION_BIND (id,monitor_id,device_id,shaft_floor_id,partition_id,partition_code,partition_name,data_reference,device_token,partition_no,bind_status,deleted,created_on,updated_on) VALUES (8890072,8860008,8850008,8880072,21,'ft-shaft-dev-0008_TMP_th21','21层分区','/TMP/ft-shaft-dev-0008_TMP_th21','ft-shaft-dev-0008',21,1,0,CURRENT_TIMESTAMP,CURRENT_TIMESTAMP);
UPDATE ECMS_D_ST_MONITOR_PARTITION_BIND SET partition_name = '21层分区[481-484]' WHERE id = 8890072;
INSERT INTO ECMS_D_ST_AREA (id,parent_id,name,type,path_ids,path_names,deleted,sort,created_on,updated_on) VALUES (8820009,8810003,'1栋','BUILDING','8800001/8800002/8800003/8800004/8810003/8820009','深圳供电局/福田区/香蜜湖街道/香蜜社区/鸣翠居/1栋',0,1,CURRENT_TIMESTAMP,CURRENT_TIMESTAMP);
INSERT INTO ECMS_D_ST_ORG (id,parent_id,name,type,path_ids,path_names,deleted,sort,created_on,updated_on) VALUES (8820009,8810003,'1栋','BUILDING','8800001/8800002/8800003/8800004/8810003/8820009','深圳供电局/福田区/香蜜湖街道/香蜜社区/鸣翠居/1栋',0,1,CURRENT_TIMESTAMP,CURRENT_TIMESTAMP);
INSERT INTO ECMS_D_ST_AREA (id,parent_id,name,type,path_ids,path_names,deleted,sort,created_on,updated_on) VALUES (8830009,8820009,'1单元','SHAFT','8800001/8800002/8800003/8800004/8810003/8820009/8830009','深圳供电局/福田区/香蜜湖街道/香蜜社区/鸣翠居/1栋/1单元',0,1,CURRENT_TIMESTAMP,CURRENT_TIMESTAMP);
INSERT INTO ECMS_D_ST_ORG (id,parent_id,name,type,path_ids,path_names,deleted,sort,created_on,updated_on) VALUES (8830009,8820009,'1单元','SHAFT','8800001/8800002/8800003/8800004/8810003/8820009/8830009','深圳供电局/福田区/香蜜湖街道/香蜜社区/鸣翠居/1栋/1单元',0,1,CURRENT_TIMESTAMP,CURRENT_TIMESTAMP);
INSERT INTO ECMS_D_ST_SHAFTEVICE_D (id,device_type,name,area_id,iot_code,model,manufacturer,asset_status,org_id,online_status,deleted,created_on,updated_on,remark) VALUES (8850009,'SHAFT_TEMP','鸣翠居1栋1单元竖井',8830009,'ft-shaft-dev-0009','TMP-V1','LEDGER_IMPORT','待接入',8830009,0,0,CURRENT_TIMESTAMP,CURRENT_TIMESTAMP,'福田区台账抽取');
INSERT INTO ECMS_D_ST_MONITOR (id,name,area_id,area_name,elevator_count,shaft_type,monitor_status,owner_company,device_id,remark,deleted,created_on,updated_on) VALUES (8860009,'鸣翠居1栋1单元竖井',8830009,'深圳供电局/福田区/香蜜湖街道/香蜜社区/鸣翠居/1栋/1单元',1,'POWER','RUNNING','深圳供电局',8850009,'福田区台账抽取',0,CURRENT_TIMESTAMP,CURRENT_TIMESTAMP);
INSERT INTO ECMS_D_ST_MONITOREVICE_BIND_D (id,monitor_id,device_id,bind_status,bind_time,deleted,created_on,updated_on) VALUES (8870009,8860009,8850009,1,CURRENT_TIMESTAMP,0,CURRENT_TIMESTAMP,CURRENT_TIMESTAMP);
INSERT INTO ECMS_D_ST_AREA (id,parent_id,name,type,path_ids,path_names,deleted,sort,created_on,updated_on) VALUES (8840073,8830009,'19层','FLOOR','8800001/8800002/8800003/8800004/8810003/8820009/8830009/8840073','深圳供电局/福田区/香蜜湖街道/香蜜社区/鸣翠居/1栋/1单元/19层',0,19,CURRENT_TIMESTAMP,CURRENT_TIMESTAMP);
INSERT INTO ECMS_D_ST_ORG (id,parent_id,name,type,path_ids,path_names,deleted,sort,created_on,updated_on) VALUES (8840073,8830009,'19层','FLOOR','8800001/8800002/8800003/8800004/8810003/8820009/8830009/8840073','深圳供电局/福田区/香蜜湖街道/香蜜社区/鸣翠居/1栋/1单元/19层',0,19,CURRENT_TIMESTAMP,CURRENT_TIMESTAMP);
INSERT INTO ECMS_D_ST_SHAFT_FLOOR (id,monitor_id,area_id,name,device_id,start_point,end_point,sort,deleted,created_on,updated_on) VALUES (8880073,8860009,8840073,'19层',8850009,0,0,19,0,CURRENT_TIMESTAMP,CURRENT_TIMESTAMP);
INSERT INTO ECMS_D_ST_MONITOR_PARTITION_BIND (id,monitor_id,device_id,shaft_floor_id,partition_id,partition_code,partition_name,data_reference,device_token,partition_no,bind_status,deleted,created_on,updated_on) VALUES (8890073,8860009,8850009,8880073,19,'ft-shaft-dev-0009_TMP_th19','19层分区','/TMP/ft-shaft-dev-0009_TMP_th19','ft-shaft-dev-0009',19,1,0,CURRENT_TIMESTAMP,CURRENT_TIMESTAMP);
UPDATE ECMS_D_ST_MONITOR_PARTITION_BIND SET partition_name = '19层分区[533-544]' WHERE id = 8890073;
INSERT INTO ECMS_D_ST_AREA (id,parent_id,name,type,path_ids,path_names,deleted,sort,created_on,updated_on) VALUES (8840074,8830009,'20层','FLOOR','8800001/8800002/8800003/8800004/8810003/8820009/8830009/8840074','深圳供电局/福田区/香蜜湖街道/香蜜社区/鸣翠居/1栋/1单元/20层',0,20,CURRENT_TIMESTAMP,CURRENT_TIMESTAMP);
INSERT INTO ECMS_D_ST_ORG (id,parent_id,name,type,path_ids,path_names,deleted,sort,created_on,updated_on) VALUES (8840074,8830009,'20层','FLOOR','8800001/8800002/8800003/8800004/8810003/8820009/8830009/8840074','深圳供电局/福田区/香蜜湖街道/香蜜社区/鸣翠居/1栋/1单元/20层',0,20,CURRENT_TIMESTAMP,CURRENT_TIMESTAMP);
INSERT INTO ECMS_D_ST_SHAFT_FLOOR (id,monitor_id,area_id,name,device_id,start_point,end_point,sort,deleted,created_on,updated_on) VALUES (8880074,8860009,8840074,'20层',8850009,0,0,20,0,CURRENT_TIMESTAMP,CURRENT_TIMESTAMP);
INSERT INTO ECMS_D_ST_MONITOR_PARTITION_BIND (id,monitor_id,device_id,shaft_floor_id,partition_id,partition_code,partition_name,data_reference,device_token,partition_no,bind_status,deleted,created_on,updated_on) VALUES (8890074,8860009,8850009,8880074,20,'ft-shaft-dev-0009_TMP_th20','20层分区','/TMP/ft-shaft-dev-0009_TMP_th20','ft-shaft-dev-0009',20,1,0,CURRENT_TIMESTAMP,CURRENT_TIMESTAMP);
UPDATE ECMS_D_ST_MONITOR_PARTITION_BIND SET partition_name = '20层分区[544-548]' WHERE id = 8890074;
INSERT INTO ECMS_D_ST_AREA (id,parent_id,name,type,path_ids,path_names,deleted,sort,created_on,updated_on) VALUES (8840075,8830009,'21层','FLOOR','8800001/8800002/8800003/8800004/8810003/8820009/8830009/8840075','深圳供电局/福田区/香蜜湖街道/香蜜社区/鸣翠居/1栋/1单元/21层',0,21,CURRENT_TIMESTAMP,CURRENT_TIMESTAMP);
INSERT INTO ECMS_D_ST_ORG (id,parent_id,name,type,path_ids,path_names,deleted,sort,created_on,updated_on) VALUES (8840075,8830009,'21层','FLOOR','8800001/8800002/8800003/8800004/8810003/8820009/8830009/8840075','深圳供电局/福田区/香蜜湖街道/香蜜社区/鸣翠居/1栋/1单元/21层',0,21,CURRENT_TIMESTAMP,CURRENT_TIMESTAMP);
INSERT INTO ECMS_D_ST_SHAFT_FLOOR (id,monitor_id,area_id,name,device_id,start_point,end_point,sort,deleted,created_on,updated_on) VALUES (8880075,8860009,8840075,'21层',8850009,0,0,21,0,CURRENT_TIMESTAMP,CURRENT_TIMESTAMP);
INSERT INTO ECMS_D_ST_MONITOR_PARTITION_BIND (id,monitor_id,device_id,shaft_floor_id,partition_id,partition_code,partition_name,data_reference,device_token,partition_no,bind_status,deleted,created_on,updated_on) VALUES (8890075,8860009,8850009,8880075,21,'ft-shaft-dev-0009_TMP_th21','21层分区','/TMP/ft-shaft-dev-0009_TMP_th21','ft-shaft-dev-0009',21,1,0,CURRENT_TIMESTAMP,CURRENT_TIMESTAMP);
UPDATE ECMS_D_ST_MONITOR_PARTITION_BIND SET partition_name = '21层分区[548-554]' WHERE id = 8890075;
INSERT INTO ECMS_D_ST_AREA (id,parent_id,name,type,path_ids,path_names,deleted,sort,created_on,updated_on) VALUES (8840076,8830009,'22层','FLOOR','8800001/8800002/8800003/8800004/8810003/8820009/8830009/8840076','深圳供电局/福田区/香蜜湖街道/香蜜社区/鸣翠居/1栋/1单元/22层',0,22,CURRENT_TIMESTAMP,CURRENT_TIMESTAMP);
INSERT INTO ECMS_D_ST_ORG (id,parent_id,name,type,path_ids,path_names,deleted,sort,created_on,updated_on) VALUES (8840076,8830009,'22层','FLOOR','8800001/8800002/8800003/8800004/8810003/8820009/8830009/8840076','深圳供电局/福田区/香蜜湖街道/香蜜社区/鸣翠居/1栋/1单元/22层',0,22,CURRENT_TIMESTAMP,CURRENT_TIMESTAMP);
INSERT INTO ECMS_D_ST_SHAFT_FLOOR (id,monitor_id,area_id,name,device_id,start_point,end_point,sort,deleted,created_on,updated_on) VALUES (8880076,8860009,8840076,'22层',8850009,0,0,22,0,CURRENT_TIMESTAMP,CURRENT_TIMESTAMP);
INSERT INTO ECMS_D_ST_MONITOR_PARTITION_BIND (id,monitor_id,device_id,shaft_floor_id,partition_id,partition_code,partition_name,data_reference,device_token,partition_no,bind_status,deleted,created_on,updated_on) VALUES (8890076,8860009,8850009,8880076,22,'ft-shaft-dev-0009_TMP_th22','22层分区','/TMP/ft-shaft-dev-0009_TMP_th22','ft-shaft-dev-0009',22,1,0,CURRENT_TIMESTAMP,CURRENT_TIMESTAMP);
UPDATE ECMS_D_ST_MONITOR_PARTITION_BIND SET partition_name = '22层分区[554-559]' WHERE id = 8890076;
INSERT INTO ECMS_D_ST_AREA (id,parent_id,name,type,path_ids,path_names,deleted,sort,created_on,updated_on) VALUES (8840077,8830009,'23层','FLOOR','8800001/8800002/8800003/8800004/8810003/8820009/8830009/8840077','深圳供电局/福田区/香蜜湖街道/香蜜社区/鸣翠居/1栋/1单元/23层',0,23,CURRENT_TIMESTAMP,CURRENT_TIMESTAMP);
INSERT INTO ECMS_D_ST_ORG (id,parent_id,name,type,path_ids,path_names,deleted,sort,created_on,updated_on) VALUES (8840077,8830009,'23层','FLOOR','8800001/8800002/8800003/8800004/8810003/8820009/8830009/8840077','深圳供电局/福田区/香蜜湖街道/香蜜社区/鸣翠居/1栋/1单元/23层',0,23,CURRENT_TIMESTAMP,CURRENT_TIMESTAMP);
INSERT INTO ECMS_D_ST_SHAFT_FLOOR (id,monitor_id,area_id,name,device_id,start_point,end_point,sort,deleted,created_on,updated_on) VALUES (8880077,8860009,8840077,'23层',8850009,0,0,23,0,CURRENT_TIMESTAMP,CURRENT_TIMESTAMP);
INSERT INTO ECMS_D_ST_MONITOR_PARTITION_BIND (id,monitor_id,device_id,shaft_floor_id,partition_id,partition_code,partition_name,data_reference,device_token,partition_no,bind_status,deleted,created_on,updated_on) VALUES (8890077,8860009,8850009,8880077,23,'ft-shaft-dev-0009_TMP_th23','23层分区','/TMP/ft-shaft-dev-0009_TMP_th23','ft-shaft-dev-0009',23,1,0,CURRENT_TIMESTAMP,CURRENT_TIMESTAMP);
UPDATE ECMS_D_ST_MONITOR_PARTITION_BIND SET partition_name = '23层分区[559-562]' WHERE id = 8890077;
INSERT INTO ECMS_D_ST_AREA (id,parent_id,name,type,path_ids,path_names,deleted,sort,created_on,updated_on) VALUES (8840078,8830009,'24层','FLOOR','8800001/8800002/8800003/8800004/8810003/8820009/8830009/8840078','深圳供电局/福田区/香蜜湖街道/香蜜社区/鸣翠居/1栋/1单元/24层',0,24,CURRENT_TIMESTAMP,CURRENT_TIMESTAMP);
INSERT INTO ECMS_D_ST_ORG (id,parent_id,name,type,path_ids,path_names,deleted,sort,created_on,updated_on) VALUES (8840078,8830009,'24层','FLOOR','8800001/8800002/8800003/8800004/8810003/8820009/8830009/8840078','深圳供电局/福田区/香蜜湖街道/香蜜社区/鸣翠居/1栋/1单元/24层',0,24,CURRENT_TIMESTAMP,CURRENT_TIMESTAMP);
INSERT INTO ECMS_D_ST_SHAFT_FLOOR (id,monitor_id,area_id,name,device_id,start_point,end_point,sort,deleted,created_on,updated_on) VALUES (8880078,8860009,8840078,'24层',8850009,0,0,24,0,CURRENT_TIMESTAMP,CURRENT_TIMESTAMP);
INSERT INTO ECMS_D_ST_MONITOR_PARTITION_BIND (id,monitor_id,device_id,shaft_floor_id,partition_id,partition_code,partition_name,data_reference,device_token,partition_no,bind_status,deleted,created_on,updated_on) VALUES (8890078,8860009,8850009,8880078,24,'ft-shaft-dev-0009_TMP_th24','24层分区','/TMP/ft-shaft-dev-0009_TMP_th24','ft-shaft-dev-0009',24,1,0,CURRENT_TIMESTAMP,CURRENT_TIMESTAMP);
UPDATE ECMS_D_ST_MONITOR_PARTITION_BIND SET partition_name = '24层分区[562-565]' WHERE id = 8890078;
INSERT INTO ECMS_D_ST_AREA (id,parent_id,name,type,path_ids,path_names,deleted,sort,created_on,updated_on) VALUES (8840079,8830009,'25层','FLOOR','8800001/8800002/8800003/8800004/8810003/8820009/8830009/8840079','深圳供电局/福田区/香蜜湖街道/香蜜社区/鸣翠居/1栋/1单元/25层',0,25,CURRENT_TIMESTAMP,CURRENT_TIMESTAMP);
INSERT INTO ECMS_D_ST_ORG (id,parent_id,name,type,path_ids,path_names,deleted,sort,created_on,updated_on) VALUES (8840079,8830009,'25层','FLOOR','8800001/8800002/8800003/8800004/8810003/8820009/8830009/8840079','深圳供电局/福田区/香蜜湖街道/香蜜社区/鸣翠居/1栋/1单元/25层',0,25,CURRENT_TIMESTAMP,CURRENT_TIMESTAMP);
INSERT INTO ECMS_D_ST_SHAFT_FLOOR (id,monitor_id,area_id,name,device_id,start_point,end_point,sort,deleted,created_on,updated_on) VALUES (8880079,8860009,8840079,'25层',8850009,0,0,25,0,CURRENT_TIMESTAMP,CURRENT_TIMESTAMP);
INSERT INTO ECMS_D_ST_MONITOR_PARTITION_BIND (id,monitor_id,device_id,shaft_floor_id,partition_id,partition_code,partition_name,data_reference,device_token,partition_no,bind_status,deleted,created_on,updated_on) VALUES (8890079,8860009,8850009,8880079,25,'ft-shaft-dev-0009_TMP_th25','25层分区','/TMP/ft-shaft-dev-0009_TMP_th25','ft-shaft-dev-0009',25,1,0,CURRENT_TIMESTAMP,CURRENT_TIMESTAMP);
UPDATE ECMS_D_ST_MONITOR_PARTITION_BIND SET partition_name = '25层分区[565-670]' WHERE id = 8890079;
INSERT INTO ECMS_D_ST_AREA (id,parent_id,name,type,path_ids,path_names,deleted,sort,created_on,updated_on) VALUES (8840080,8830009,'26层','FLOOR','8800001/8800002/8800003/8800004/8810003/8820009/8830009/8840080','深圳供电局/福田区/香蜜湖街道/香蜜社区/鸣翠居/1栋/1单元/26层',0,26,CURRENT_TIMESTAMP,CURRENT_TIMESTAMP);
INSERT INTO ECMS_D_ST_ORG (id,parent_id,name,type,path_ids,path_names,deleted,sort,created_on,updated_on) VALUES (8840080,8830009,'26层','FLOOR','8800001/8800002/8800003/8800004/8810003/8820009/8830009/8840080','深圳供电局/福田区/香蜜湖街道/香蜜社区/鸣翠居/1栋/1单元/26层',0,26,CURRENT_TIMESTAMP,CURRENT_TIMESTAMP);
INSERT INTO ECMS_D_ST_SHAFT_FLOOR (id,monitor_id,area_id,name,device_id,start_point,end_point,sort,deleted,created_on,updated_on) VALUES (8880080,8860009,8840080,'26层',8850009,0,0,26,0,CURRENT_TIMESTAMP,CURRENT_TIMESTAMP);
INSERT INTO ECMS_D_ST_MONITOR_PARTITION_BIND (id,monitor_id,device_id,shaft_floor_id,partition_id,partition_code,partition_name,data_reference,device_token,partition_no,bind_status,deleted,created_on,updated_on) VALUES (8890080,8860009,8850009,8880080,26,'ft-shaft-dev-0009_TMP_th26','26层分区','/TMP/ft-shaft-dev-0009_TMP_th26','ft-shaft-dev-0009',26,1,0,CURRENT_TIMESTAMP,CURRENT_TIMESTAMP);
UPDATE ECMS_D_ST_MONITOR_PARTITION_BIND SET partition_name = '26层分区[570-576]' WHERE id = 8890080;
INSERT INTO ECMS_D_ST_AREA (id,parent_id,name,type,path_ids,path_names,deleted,sort,created_on,updated_on) VALUES (8840081,8830009,'27层','FLOOR','8800001/8800002/8800003/8800004/8810003/8820009/8830009/8840081','深圳供电局/福田区/香蜜湖街道/香蜜社区/鸣翠居/1栋/1单元/27层',0,27,CURRENT_TIMESTAMP,CURRENT_TIMESTAMP);
INSERT INTO ECMS_D_ST_ORG (id,parent_id,name,type,path_ids,path_names,deleted,sort,created_on,updated_on) VALUES (8840081,8830009,'27层','FLOOR','8800001/8800002/8800003/8800004/8810003/8820009/8830009/8840081','深圳供电局/福田区/香蜜湖街道/香蜜社区/鸣翠居/1栋/1单元/27层',0,27,CURRENT_TIMESTAMP,CURRENT_TIMESTAMP);
INSERT INTO ECMS_D_ST_SHAFT_FLOOR (id,monitor_id,area_id,name,device_id,start_point,end_point,sort,deleted,created_on,updated_on) VALUES (8880081,8860009,8840081,'27层',8850009,0,0,27,0,CURRENT_TIMESTAMP,CURRENT_TIMESTAMP);
INSERT INTO ECMS_D_ST_MONITOR_PARTITION_BIND (id,monitor_id,device_id,shaft_floor_id,partition_id,partition_code,partition_name,data_reference,device_token,partition_no,bind_status,deleted,created_on,updated_on) VALUES (8890081,8860009,8850009,8880081,27,'ft-shaft-dev-0009_TMP_th27','27层分区','/TMP/ft-shaft-dev-0009_TMP_th27','ft-shaft-dev-0009',27,1,0,CURRENT_TIMESTAMP,CURRENT_TIMESTAMP);
UPDATE ECMS_D_ST_MONITOR_PARTITION_BIND SET partition_name = '27层分区[576-580]' WHERE id = 8890081;
INSERT INTO ECMS_D_ST_AREA (id,parent_id,name,type,path_ids,path_names,deleted,sort,created_on,updated_on) VALUES (8820010,8810003,'2栋','BUILDING','8800001/8800002/8800003/8800004/8810003/8820010','深圳供电局/福田区/香蜜湖街道/香蜜社区/鸣翠居/2栋',0,2,CURRENT_TIMESTAMP,CURRENT_TIMESTAMP);
INSERT INTO ECMS_D_ST_ORG (id,parent_id,name,type,path_ids,path_names,deleted,sort,created_on,updated_on) VALUES (8820010,8810003,'2栋','BUILDING','8800001/8800002/8800003/8800004/8810003/8820010','深圳供电局/福田区/香蜜湖街道/香蜜社区/鸣翠居/2栋',0,2,CURRENT_TIMESTAMP,CURRENT_TIMESTAMP);
INSERT INTO ECMS_D_ST_AREA (id,parent_id,name,type,path_ids,path_names,deleted,sort,created_on,updated_on) VALUES (8830010,8820010,'1单元','SHAFT','8800001/8800002/8800003/8800004/8810003/8820010/8830010','深圳供电局/福田区/香蜜湖街道/香蜜社区/鸣翠居/2栋/1单元',0,1,CURRENT_TIMESTAMP,CURRENT_TIMESTAMP);
INSERT INTO ECMS_D_ST_ORG (id,parent_id,name,type,path_ids,path_names,deleted,sort,created_on,updated_on) VALUES (8830010,8820010,'1单元','SHAFT','8800001/8800002/8800003/8800004/8810003/8820010/8830010','深圳供电局/福田区/香蜜湖街道/香蜜社区/鸣翠居/2栋/1单元',0,1,CURRENT_TIMESTAMP,CURRENT_TIMESTAMP);
INSERT INTO ECMS_D_ST_SHAFTEVICE_D (id,device_type,name,area_id,iot_code,model,manufacturer,asset_status,org_id,online_status,deleted,created_on,updated_on,remark) VALUES (8850010,'SHAFT_TEMP','鸣翠居2栋1单元竖井',8830010,'ft-shaft-dev-0010','TMP-V1','LEDGER_IMPORT','待接入',8830010,0,0,CURRENT_TIMESTAMP,CURRENT_TIMESTAMP,'福田区台账抽取');
INSERT INTO ECMS_D_ST_MONITOR (id,name,area_id,area_name,elevator_count,shaft_type,monitor_status,owner_company,device_id,remark,deleted,created_on,updated_on) VALUES (8860010,'鸣翠居2栋1单元竖井',8830010,'深圳供电局/福田区/香蜜湖街道/香蜜社区/鸣翠居/2栋/1单元',1,'POWER','RUNNING','深圳供电局',8850010,'福田区台账抽取',0,CURRENT_TIMESTAMP,CURRENT_TIMESTAMP);
INSERT INTO ECMS_D_ST_MONITOREVICE_BIND_D (id,monitor_id,device_id,bind_status,bind_time,deleted,created_on,updated_on) VALUES (8870010,8860010,8850010,1,CURRENT_TIMESTAMP,0,CURRENT_TIMESTAMP,CURRENT_TIMESTAMP);
INSERT INTO ECMS_D_ST_AREA (id,parent_id,name,type,path_ids,path_names,deleted,sort,created_on,updated_on) VALUES (8840082,8830010,'20层','FLOOR','8800001/8800002/8800003/8800004/8810003/8820010/8830010/8840082','深圳供电局/福田区/香蜜湖街道/香蜜社区/鸣翠居/2栋/1单元/20层',0,20,CURRENT_TIMESTAMP,CURRENT_TIMESTAMP);
INSERT INTO ECMS_D_ST_ORG (id,parent_id,name,type,path_ids,path_names,deleted,sort,created_on,updated_on) VALUES (8840082,8830010,'20层','FLOOR','8800001/8800002/8800003/8800004/8810003/8820010/8830010/8840082','深圳供电局/福田区/香蜜湖街道/香蜜社区/鸣翠居/2栋/1单元/20层',0,20,CURRENT_TIMESTAMP,CURRENT_TIMESTAMP);
INSERT INTO ECMS_D_ST_SHAFT_FLOOR (id,monitor_id,area_id,name,device_id,start_point,end_point,sort,deleted,created_on,updated_on) VALUES (8880082,8860010,8840082,'20层',8850010,0,0,20,0,CURRENT_TIMESTAMP,CURRENT_TIMESTAMP);
INSERT INTO ECMS_D_ST_MONITOR_PARTITION_BIND (id,monitor_id,device_id,shaft_floor_id,partition_id,partition_code,partition_name,data_reference,device_token,partition_no,bind_status,deleted,created_on,updated_on) VALUES (8890082,8860010,8850010,8880082,20,'ft-shaft-dev-0010_TMP_th20','20层分区','/TMP/ft-shaft-dev-0010_TMP_th20','ft-shaft-dev-0010',20,1,0,CURRENT_TIMESTAMP,CURRENT_TIMESTAMP);
UPDATE ECMS_D_ST_MONITOR_PARTITION_BIND SET partition_name = '20层分区[397-400]' WHERE id = 8890082;
INSERT INTO ECMS_D_ST_AREA (id,parent_id,name,type,path_ids,path_names,deleted,sort,created_on,updated_on) VALUES (8840083,8830010,'21层','FLOOR','8800001/8800002/8800003/8800004/8810003/8820010/8830010/8840083','深圳供电局/福田区/香蜜湖街道/香蜜社区/鸣翠居/2栋/1单元/21层',0,21,CURRENT_TIMESTAMP,CURRENT_TIMESTAMP);
INSERT INTO ECMS_D_ST_ORG (id,parent_id,name,type,path_ids,path_names,deleted,sort,created_on,updated_on) VALUES (8840083,8830010,'21层','FLOOR','8800001/8800002/8800003/8800004/8810003/8820010/8830010/8840083','深圳供电局/福田区/香蜜湖街道/香蜜社区/鸣翠居/2栋/1单元/21层',0,21,CURRENT_TIMESTAMP,CURRENT_TIMESTAMP);
INSERT INTO ECMS_D_ST_SHAFT_FLOOR (id,monitor_id,area_id,name,device_id,start_point,end_point,sort,deleted,created_on,updated_on) VALUES (8880083,8860010,8840083,'21层',8850010,0,0,21,0,CURRENT_TIMESTAMP,CURRENT_TIMESTAMP);
INSERT INTO ECMS_D_ST_MONITOR_PARTITION_BIND (id,monitor_id,device_id,shaft_floor_id,partition_id,partition_code,partition_name,data_reference,device_token,partition_no,bind_status,deleted,created_on,updated_on) VALUES (8890083,8860010,8850010,8880083,21,'ft-shaft-dev-0010_TMP_th21','21层分区','/TMP/ft-shaft-dev-0010_TMP_th21','ft-shaft-dev-0010',21,1,0,CURRENT_TIMESTAMP,CURRENT_TIMESTAMP);
UPDATE ECMS_D_ST_MONITOR_PARTITION_BIND SET partition_name = '21层分区[400-410]' WHERE id = 8890083;
INSERT INTO ECMS_D_ST_AREA (id,parent_id,name,type,path_ids,path_names,deleted,sort,created_on,updated_on) VALUES (8840084,8830010,'22层','FLOOR','8800001/8800002/8800003/8800004/8810003/8820010/8830010/8840084','深圳供电局/福田区/香蜜湖街道/香蜜社区/鸣翠居/2栋/1单元/22层',0,22,CURRENT_TIMESTAMP,CURRENT_TIMESTAMP);
INSERT INTO ECMS_D_ST_ORG (id,parent_id,name,type,path_ids,path_names,deleted,sort,created_on,updated_on) VALUES (8840084,8830010,'22层','FLOOR','8800001/8800002/8800003/8800004/8810003/8820010/8830010/8840084','深圳供电局/福田区/香蜜湖街道/香蜜社区/鸣翠居/2栋/1单元/22层',0,22,CURRENT_TIMESTAMP,CURRENT_TIMESTAMP);
INSERT INTO ECMS_D_ST_SHAFT_FLOOR (id,monitor_id,area_id,name,device_id,start_point,end_point,sort,deleted,created_on,updated_on) VALUES (8880084,8860010,8840084,'22层',8850010,0,0,22,0,CURRENT_TIMESTAMP,CURRENT_TIMESTAMP);
INSERT INTO ECMS_D_ST_MONITOR_PARTITION_BIND (id,monitor_id,device_id,shaft_floor_id,partition_id,partition_code,partition_name,data_reference,device_token,partition_no,bind_status,deleted,created_on,updated_on) VALUES (8890084,8860010,8850010,8880084,22,'ft-shaft-dev-0010_TMP_th22','22层分区','/TMP/ft-shaft-dev-0010_TMP_th22','ft-shaft-dev-0010',22,1,0,CURRENT_TIMESTAMP,CURRENT_TIMESTAMP);
UPDATE ECMS_D_ST_MONITOR_PARTITION_BIND SET partition_name = '22层分区[410-413]' WHERE id = 8890084;
INSERT INTO ECMS_D_ST_AREA (id,parent_id,name,type,path_ids,path_names,deleted,sort,created_on,updated_on) VALUES (8840085,8830010,'23层','FLOOR','8800001/8800002/8800003/8800004/8810003/8820010/8830010/8840085','深圳供电局/福田区/香蜜湖街道/香蜜社区/鸣翠居/2栋/1单元/23层',0,23,CURRENT_TIMESTAMP,CURRENT_TIMESTAMP);
INSERT INTO ECMS_D_ST_ORG (id,parent_id,name,type,path_ids,path_names,deleted,sort,created_on,updated_on) VALUES (8840085,8830010,'23层','FLOOR','8800001/8800002/8800003/8800004/8810003/8820010/8830010/8840085','深圳供电局/福田区/香蜜湖街道/香蜜社区/鸣翠居/2栋/1单元/23层',0,23,CURRENT_TIMESTAMP,CURRENT_TIMESTAMP);
INSERT INTO ECMS_D_ST_SHAFT_FLOOR (id,monitor_id,area_id,name,device_id,start_point,end_point,sort,deleted,created_on,updated_on) VALUES (8880085,8860010,8840085,'23层',8850010,0,0,23,0,CURRENT_TIMESTAMP,CURRENT_TIMESTAMP);
INSERT INTO ECMS_D_ST_MONITOR_PARTITION_BIND (id,monitor_id,device_id,shaft_floor_id,partition_id,partition_code,partition_name,data_reference,device_token,partition_no,bind_status,deleted,created_on,updated_on) VALUES (8890085,8860010,8850010,8880085,23,'ft-shaft-dev-0010_TMP_th23','23层分区','/TMP/ft-shaft-dev-0010_TMP_th23','ft-shaft-dev-0010',23,1,0,CURRENT_TIMESTAMP,CURRENT_TIMESTAMP);
UPDATE ECMS_D_ST_MONITOR_PARTITION_BIND SET partition_name = '23层分区[413-416]' WHERE id = 8890085;
INSERT INTO ECMS_D_ST_AREA (id,parent_id,name,type,path_ids,path_names,deleted,sort,created_on,updated_on) VALUES (8840086,8830010,'24层','FLOOR','8800001/8800002/8800003/8800004/8810003/8820010/8830010/8840086','深圳供电局/福田区/香蜜湖街道/香蜜社区/鸣翠居/2栋/1单元/24层',0,24,CURRENT_TIMESTAMP,CURRENT_TIMESTAMP);
INSERT INTO ECMS_D_ST_ORG (id,parent_id,name,type,path_ids,path_names,deleted,sort,created_on,updated_on) VALUES (8840086,8830010,'24层','FLOOR','8800001/8800002/8800003/8800004/8810003/8820010/8830010/8840086','深圳供电局/福田区/香蜜湖街道/香蜜社区/鸣翠居/2栋/1单元/24层',0,24,CURRENT_TIMESTAMP,CURRENT_TIMESTAMP);
INSERT INTO ECMS_D_ST_SHAFT_FLOOR (id,monitor_id,area_id,name,device_id,start_point,end_point,sort,deleted,created_on,updated_on) VALUES (8880086,8860010,8840086,'24层',8850010,0,0,24,0,CURRENT_TIMESTAMP,CURRENT_TIMESTAMP);
INSERT INTO ECMS_D_ST_MONITOR_PARTITION_BIND (id,monitor_id,device_id,shaft_floor_id,partition_id,partition_code,partition_name,data_reference,device_token,partition_no,bind_status,deleted,created_on,updated_on) VALUES (8890086,8860010,8850010,8880086,24,'ft-shaft-dev-0010_TMP_th24','24层分区','/TMP/ft-shaft-dev-0010_TMP_th24','ft-shaft-dev-0010',24,1,0,CURRENT_TIMESTAMP,CURRENT_TIMESTAMP);
UPDATE ECMS_D_ST_MONITOR_PARTITION_BIND SET partition_name = '24层分区[416-424]' WHERE id = 8890086;
INSERT INTO ECMS_D_ST_AREA (id,parent_id,name,type,path_ids,path_names,deleted,sort,created_on,updated_on) VALUES (8840087,8830010,'25层','FLOOR','8800001/8800002/8800003/8800004/8810003/8820010/8830010/8840087','深圳供电局/福田区/香蜜湖街道/香蜜社区/鸣翠居/2栋/1单元/25层',0,25,CURRENT_TIMESTAMP,CURRENT_TIMESTAMP);
INSERT INTO ECMS_D_ST_ORG (id,parent_id,name,type,path_ids,path_names,deleted,sort,created_on,updated_on) VALUES (8840087,8830010,'25层','FLOOR','8800001/8800002/8800003/8800004/8810003/8820010/8830010/8840087','深圳供电局/福田区/香蜜湖街道/香蜜社区/鸣翠居/2栋/1单元/25层',0,25,CURRENT_TIMESTAMP,CURRENT_TIMESTAMP);
INSERT INTO ECMS_D_ST_SHAFT_FLOOR (id,monitor_id,area_id,name,device_id,start_point,end_point,sort,deleted,created_on,updated_on) VALUES (8880087,8860010,8840087,'25层',8850010,0,0,25,0,CURRENT_TIMESTAMP,CURRENT_TIMESTAMP);
INSERT INTO ECMS_D_ST_MONITOR_PARTITION_BIND (id,monitor_id,device_id,shaft_floor_id,partition_id,partition_code,partition_name,data_reference,device_token,partition_no,bind_status,deleted,created_on,updated_on) VALUES (8890087,8860010,8850010,8880087,25,'ft-shaft-dev-0010_TMP_th25','25层分区','/TMP/ft-shaft-dev-0010_TMP_th25','ft-shaft-dev-0010',25,1,0,CURRENT_TIMESTAMP,CURRENT_TIMESTAMP);
UPDATE ECMS_D_ST_MONITOR_PARTITION_BIND SET partition_name = '25层分区[424-434]' WHERE id = 8890087;
INSERT INTO ECMS_D_ST_AREA (id,parent_id,name,type,path_ids,path_names,deleted,sort,created_on,updated_on) VALUES (8840088,8830010,'26层','FLOOR','8800001/8800002/8800003/8800004/8810003/8820010/8830010/8840088','深圳供电局/福田区/香蜜湖街道/香蜜社区/鸣翠居/2栋/1单元/26层',0,26,CURRENT_TIMESTAMP,CURRENT_TIMESTAMP);
INSERT INTO ECMS_D_ST_ORG (id,parent_id,name,type,path_ids,path_names,deleted,sort,created_on,updated_on) VALUES (8840088,8830010,'26层','FLOOR','8800001/8800002/8800003/8800004/8810003/8820010/8830010/8840088','深圳供电局/福田区/香蜜湖街道/香蜜社区/鸣翠居/2栋/1单元/26层',0,26,CURRENT_TIMESTAMP,CURRENT_TIMESTAMP);
INSERT INTO ECMS_D_ST_SHAFT_FLOOR (id,monitor_id,area_id,name,device_id,start_point,end_point,sort,deleted,created_on,updated_on) VALUES (8880088,8860010,8840088,'26层',8850010,0,0,26,0,CURRENT_TIMESTAMP,CURRENT_TIMESTAMP);
INSERT INTO ECMS_D_ST_MONITOR_PARTITION_BIND (id,monitor_id,device_id,shaft_floor_id,partition_id,partition_code,partition_name,data_reference,device_token,partition_no,bind_status,deleted,created_on,updated_on) VALUES (8890088,8860010,8850010,8880088,26,'ft-shaft-dev-0010_TMP_th26','26层分区','/TMP/ft-shaft-dev-0010_TMP_th26','ft-shaft-dev-0010',26,1,0,CURRENT_TIMESTAMP,CURRENT_TIMESTAMP);
UPDATE ECMS_D_ST_MONITOR_PARTITION_BIND SET partition_name = '26层分区[434-439]' WHERE id = 8890088;
INSERT INTO ECMS_D_ST_AREA (id,parent_id,name,type,path_ids,path_names,deleted,sort,created_on,updated_on) VALUES (8840089,8830010,'27层','FLOOR','8800001/8800002/8800003/8800004/8810003/8820010/8830010/8840089','深圳供电局/福田区/香蜜湖街道/香蜜社区/鸣翠居/2栋/1单元/27层',0,27,CURRENT_TIMESTAMP,CURRENT_TIMESTAMP);
INSERT INTO ECMS_D_ST_ORG (id,parent_id,name,type,path_ids,path_names,deleted,sort,created_on,updated_on) VALUES (8840089,8830010,'27层','FLOOR','8800001/8800002/8800003/8800004/8810003/8820010/8830010/8840089','深圳供电局/福田区/香蜜湖街道/香蜜社区/鸣翠居/2栋/1单元/27层',0,27,CURRENT_TIMESTAMP,CURRENT_TIMESTAMP);
INSERT INTO ECMS_D_ST_SHAFT_FLOOR (id,monitor_id,area_id,name,device_id,start_point,end_point,sort,deleted,created_on,updated_on) VALUES (8880089,8860010,8840089,'27层',8850010,0,0,27,0,CURRENT_TIMESTAMP,CURRENT_TIMESTAMP);
INSERT INTO ECMS_D_ST_MONITOR_PARTITION_BIND (id,monitor_id,device_id,shaft_floor_id,partition_id,partition_code,partition_name,data_reference,device_token,partition_no,bind_status,deleted,created_on,updated_on) VALUES (8890089,8860010,8850010,8880089,27,'ft-shaft-dev-0010_TMP_th27','27层分区','/TMP/ft-shaft-dev-0010_TMP_th27','ft-shaft-dev-0010',27,1,0,CURRENT_TIMESTAMP,CURRENT_TIMESTAMP);
UPDATE ECMS_D_ST_MONITOR_PARTITION_BIND SET partition_name = '27层分区[439-442]' WHERE id = 8890089;
INSERT INTO ECMS_D_ST_AREA (id,parent_id,name,type,path_ids,path_names,deleted,sort,created_on,updated_on) VALUES (8840090,8830010,'28层','FLOOR','8800001/8800002/8800003/8800004/8810003/8820010/8830010/8840090','深圳供电局/福田区/香蜜湖街道/香蜜社区/鸣翠居/2栋/1单元/28层',0,28,CURRENT_TIMESTAMP,CURRENT_TIMESTAMP);
INSERT INTO ECMS_D_ST_ORG (id,parent_id,name,type,path_ids,path_names,deleted,sort,created_on,updated_on) VALUES (8840090,8830010,'28层','FLOOR','8800001/8800002/8800003/8800004/8810003/8820010/8830010/8840090','深圳供电局/福田区/香蜜湖街道/香蜜社区/鸣翠居/2栋/1单元/28层',0,28,CURRENT_TIMESTAMP,CURRENT_TIMESTAMP);
INSERT INTO ECMS_D_ST_SHAFT_FLOOR (id,monitor_id,area_id,name,device_id,start_point,end_point,sort,deleted,created_on,updated_on) VALUES (8880090,8860010,8840090,'28层',8850010,0,0,28,0,CURRENT_TIMESTAMP,CURRENT_TIMESTAMP);
INSERT INTO ECMS_D_ST_MONITOR_PARTITION_BIND (id,monitor_id,device_id,shaft_floor_id,partition_id,partition_code,partition_name,data_reference,device_token,partition_no,bind_status,deleted,created_on,updated_on) VALUES (8890090,8860010,8850010,8880090,28,'ft-shaft-dev-0010_TMP_th28','28层分区','/TMP/ft-shaft-dev-0010_TMP_th28','ft-shaft-dev-0010',28,1,0,CURRENT_TIMESTAMP,CURRENT_TIMESTAMP);
UPDATE ECMS_D_ST_MONITOR_PARTITION_BIND SET partition_name = '28层分区[442-448]' WHERE id = 8890090;
INSERT INTO ECMS_D_ST_AREA (id,parent_id,name,type,path_ids,path_names,deleted,sort,created_on,updated_on) VALUES (8820011,8810003,'3栋','BUILDING','8800001/8800002/8800003/8800004/8810003/8820011','深圳供电局/福田区/香蜜湖街道/香蜜社区/鸣翠居/3栋',0,3,CURRENT_TIMESTAMP,CURRENT_TIMESTAMP);
INSERT INTO ECMS_D_ST_ORG (id,parent_id,name,type,path_ids,path_names,deleted,sort,created_on,updated_on) VALUES (8820011,8810003,'3栋','BUILDING','8800001/8800002/8800003/8800004/8810003/8820011','深圳供电局/福田区/香蜜湖街道/香蜜社区/鸣翠居/3栋',0,3,CURRENT_TIMESTAMP,CURRENT_TIMESTAMP);
INSERT INTO ECMS_D_ST_AREA (id,parent_id,name,type,path_ids,path_names,deleted,sort,created_on,updated_on) VALUES (8830011,8820011,'1单元','SHAFT','8800001/8800002/8800003/8800004/8810003/8820011/8830011','深圳供电局/福田区/香蜜湖街道/香蜜社区/鸣翠居/3栋/1单元',0,1,CURRENT_TIMESTAMP,CURRENT_TIMESTAMP);
INSERT INTO ECMS_D_ST_ORG (id,parent_id,name,type,path_ids,path_names,deleted,sort,created_on,updated_on) VALUES (8830011,8820011,'1单元','SHAFT','8800001/8800002/8800003/8800004/8810003/8820011/8830011','深圳供电局/福田区/香蜜湖街道/香蜜社区/鸣翠居/3栋/1单元',0,1,CURRENT_TIMESTAMP,CURRENT_TIMESTAMP);
INSERT INTO ECMS_D_ST_SHAFTEVICE_D (id,device_type,name,area_id,iot_code,model,manufacturer,asset_status,org_id,online_status,deleted,created_on,updated_on,remark) VALUES (8850011,'SHAFT_TEMP','鸣翠居3栋1单元竖井',8830011,'ft-shaft-dev-0011','TMP-V1','LEDGER_IMPORT','待接入',8830011,0,0,CURRENT_TIMESTAMP,CURRENT_TIMESTAMP,'福田区台账抽取');
INSERT INTO ECMS_D_ST_MONITOR (id,name,area_id,area_name,elevator_count,shaft_type,monitor_status,owner_company,device_id,remark,deleted,created_on,updated_on) VALUES (8860011,'鸣翠居3栋1单元竖井',8830011,'深圳供电局/福田区/香蜜湖街道/香蜜社区/鸣翠居/3栋/1单元',1,'POWER','RUNNING','深圳供电局',8850011,'福田区台账抽取',0,CURRENT_TIMESTAMP,CURRENT_TIMESTAMP);
INSERT INTO ECMS_D_ST_MONITOREVICE_BIND_D (id,monitor_id,device_id,bind_status,bind_time,deleted,created_on,updated_on) VALUES (8870011,8860011,8850011,1,CURRENT_TIMESTAMP,0,CURRENT_TIMESTAMP,CURRENT_TIMESTAMP);
INSERT INTO ECMS_D_ST_AREA (id,parent_id,name,type,path_ids,path_names,deleted,sort,created_on,updated_on) VALUES (8840091,8830011,'20层','FLOOR','8800001/8800002/8800003/8800004/8810003/8820011/8830011/8840091','深圳供电局/福田区/香蜜湖街道/香蜜社区/鸣翠居/3栋/1单元/20层',0,20,CURRENT_TIMESTAMP,CURRENT_TIMESTAMP);
INSERT INTO ECMS_D_ST_ORG (id,parent_id,name,type,path_ids,path_names,deleted,sort,created_on,updated_on) VALUES (8840091,8830011,'20层','FLOOR','8800001/8800002/8800003/8800004/8810003/8820011/8830011/8840091','深圳供电局/福田区/香蜜湖街道/香蜜社区/鸣翠居/3栋/1单元/20层',0,20,CURRENT_TIMESTAMP,CURRENT_TIMESTAMP);
INSERT INTO ECMS_D_ST_SHAFT_FLOOR (id,monitor_id,area_id,name,device_id,start_point,end_point,sort,deleted,created_on,updated_on) VALUES (8880091,8860011,8840091,'20层',8850011,0,0,20,0,CURRENT_TIMESTAMP,CURRENT_TIMESTAMP);
INSERT INTO ECMS_D_ST_MONITOR_PARTITION_BIND (id,monitor_id,device_id,shaft_floor_id,partition_id,partition_code,partition_name,data_reference,device_token,partition_no,bind_status,deleted,created_on,updated_on) VALUES (8890091,8860011,8850011,8880091,20,'ft-shaft-dev-0011_TMP_th20','20层分区','/TMP/ft-shaft-dev-0011_TMP_th20','ft-shaft-dev-0011',20,1,0,CURRENT_TIMESTAMP,CURRENT_TIMESTAMP);
UPDATE ECMS_D_ST_MONITOR_PARTITION_BIND SET partition_name = '20层分区[883]' WHERE id = 8890091;
INSERT INTO ECMS_D_ST_AREA (id,parent_id,name,type,path_ids,path_names,deleted,sort,created_on,updated_on) VALUES (8840092,8830011,'21层','FLOOR','8800001/8800002/8800003/8800004/8810003/8820011/8830011/8840092','深圳供电局/福田区/香蜜湖街道/香蜜社区/鸣翠居/3栋/1单元/21层',0,21,CURRENT_TIMESTAMP,CURRENT_TIMESTAMP);
INSERT INTO ECMS_D_ST_ORG (id,parent_id,name,type,path_ids,path_names,deleted,sort,created_on,updated_on) VALUES (8840092,8830011,'21层','FLOOR','8800001/8800002/8800003/8800004/8810003/8820011/8830011/8840092','深圳供电局/福田区/香蜜湖街道/香蜜社区/鸣翠居/3栋/1单元/21层',0,21,CURRENT_TIMESTAMP,CURRENT_TIMESTAMP);
INSERT INTO ECMS_D_ST_SHAFT_FLOOR (id,monitor_id,area_id,name,device_id,start_point,end_point,sort,deleted,created_on,updated_on) VALUES (8880092,8860011,8840092,'21层',8850011,0,0,21,0,CURRENT_TIMESTAMP,CURRENT_TIMESTAMP);
INSERT INTO ECMS_D_ST_MONITOR_PARTITION_BIND (id,monitor_id,device_id,shaft_floor_id,partition_id,partition_code,partition_name,data_reference,device_token,partition_no,bind_status,deleted,created_on,updated_on) VALUES (8890092,8860011,8850011,8880092,21,'ft-shaft-dev-0011_TMP_th21','21层分区','/TMP/ft-shaft-dev-0011_TMP_th21','ft-shaft-dev-0011',21,1,0,CURRENT_TIMESTAMP,CURRENT_TIMESTAMP);
UPDATE ECMS_D_ST_MONITOR_PARTITION_BIND SET partition_name = '21层分区[886]' WHERE id = 8890092;
INSERT INTO ECMS_D_ST_AREA (id,parent_id,name,type,path_ids,path_names,deleted,sort,created_on,updated_on) VALUES (8840093,8830011,'22层','FLOOR','8800001/8800002/8800003/8800004/8810003/8820011/8830011/8840093','深圳供电局/福田区/香蜜湖街道/香蜜社区/鸣翠居/3栋/1单元/22层',0,22,CURRENT_TIMESTAMP,CURRENT_TIMESTAMP);
INSERT INTO ECMS_D_ST_ORG (id,parent_id,name,type,path_ids,path_names,deleted,sort,created_on,updated_on) VALUES (8840093,8830011,'22层','FLOOR','8800001/8800002/8800003/8800004/8810003/8820011/8830011/8840093','深圳供电局/福田区/香蜜湖街道/香蜜社区/鸣翠居/3栋/1单元/22层',0,22,CURRENT_TIMESTAMP,CURRENT_TIMESTAMP);
INSERT INTO ECMS_D_ST_SHAFT_FLOOR (id,monitor_id,area_id,name,device_id,start_point,end_point,sort,deleted,created_on,updated_on) VALUES (8880093,8860011,8840093,'22层',8850011,0,0,22,0,CURRENT_TIMESTAMP,CURRENT_TIMESTAMP);
INSERT INTO ECMS_D_ST_MONITOR_PARTITION_BIND (id,monitor_id,device_id,shaft_floor_id,partition_id,partition_code,partition_name,data_reference,device_token,partition_no,bind_status,deleted,created_on,updated_on) VALUES (8890093,8860011,8850011,8880093,22,'ft-shaft-dev-0011_TMP_th22','22层分区','/TMP/ft-shaft-dev-0011_TMP_th22','ft-shaft-dev-0011',22,1,0,CURRENT_TIMESTAMP,CURRENT_TIMESTAMP);
UPDATE ECMS_D_ST_MONITOR_PARTITION_BIND SET partition_name = '22层分区[891]' WHERE id = 8890093;
INSERT INTO ECMS_D_ST_AREA (id,parent_id,name,type,path_ids,path_names,deleted,sort,created_on,updated_on) VALUES (8840094,8830011,'23层','FLOOR','8800001/8800002/8800003/8800004/8810003/8820011/8830011/8840094','深圳供电局/福田区/香蜜湖街道/香蜜社区/鸣翠居/3栋/1单元/23层',0,23,CURRENT_TIMESTAMP,CURRENT_TIMESTAMP);
INSERT INTO ECMS_D_ST_ORG (id,parent_id,name,type,path_ids,path_names,deleted,sort,created_on,updated_on) VALUES (8840094,8830011,'23层','FLOOR','8800001/8800002/8800003/8800004/8810003/8820011/8830011/8840094','深圳供电局/福田区/香蜜湖街道/香蜜社区/鸣翠居/3栋/1单元/23层',0,23,CURRENT_TIMESTAMP,CURRENT_TIMESTAMP);
INSERT INTO ECMS_D_ST_SHAFT_FLOOR (id,monitor_id,area_id,name,device_id,start_point,end_point,sort,deleted,created_on,updated_on) VALUES (8880094,8860011,8840094,'23层',8850011,0,0,23,0,CURRENT_TIMESTAMP,CURRENT_TIMESTAMP);
INSERT INTO ECMS_D_ST_MONITOR_PARTITION_BIND (id,monitor_id,device_id,shaft_floor_id,partition_id,partition_code,partition_name,data_reference,device_token,partition_no,bind_status,deleted,created_on,updated_on) VALUES (8890094,8860011,8850011,8880094,23,'ft-shaft-dev-0011_TMP_th23','23层分区','/TMP/ft-shaft-dev-0011_TMP_th23','ft-shaft-dev-0011',23,1,0,CURRENT_TIMESTAMP,CURRENT_TIMESTAMP);
UPDATE ECMS_D_ST_MONITOR_PARTITION_BIND SET partition_name = '23层分区[896]' WHERE id = 8890094;
INSERT INTO ECMS_D_ST_AREA (id,parent_id,name,type,path_ids,path_names,deleted,sort,created_on,updated_on) VALUES (8840095,8830011,'24层','FLOOR','8800001/8800002/8800003/8800004/8810003/8820011/8830011/8840095','深圳供电局/福田区/香蜜湖街道/香蜜社区/鸣翠居/3栋/1单元/24层',0,24,CURRENT_TIMESTAMP,CURRENT_TIMESTAMP);
INSERT INTO ECMS_D_ST_ORG (id,parent_id,name,type,path_ids,path_names,deleted,sort,created_on,updated_on) VALUES (8840095,8830011,'24层','FLOOR','8800001/8800002/8800003/8800004/8810003/8820011/8830011/8840095','深圳供电局/福田区/香蜜湖街道/香蜜社区/鸣翠居/3栋/1单元/24层',0,24,CURRENT_TIMESTAMP,CURRENT_TIMESTAMP);
INSERT INTO ECMS_D_ST_SHAFT_FLOOR (id,monitor_id,area_id,name,device_id,start_point,end_point,sort,deleted,created_on,updated_on) VALUES (8880095,8860011,8840095,'24层',8850011,0,0,24,0,CURRENT_TIMESTAMP,CURRENT_TIMESTAMP);
INSERT INTO ECMS_D_ST_MONITOR_PARTITION_BIND (id,monitor_id,device_id,shaft_floor_id,partition_id,partition_code,partition_name,data_reference,device_token,partition_no,bind_status,deleted,created_on,updated_on) VALUES (8890095,8860011,8850011,8880095,24,'ft-shaft-dev-0011_TMP_th24','24层分区','/TMP/ft-shaft-dev-0011_TMP_th24','ft-shaft-dev-0011',24,1,0,CURRENT_TIMESTAMP,CURRENT_TIMESTAMP);
UPDATE ECMS_D_ST_MONITOR_PARTITION_BIND SET partition_name = '24层分区[897]' WHERE id = 8890095;
INSERT INTO ECMS_D_ST_AREA (id,parent_id,name,type,path_ids,path_names,deleted,sort,created_on,updated_on) VALUES (8840096,8830011,'25层','FLOOR','8800001/8800002/8800003/8800004/8810003/8820011/8830011/8840096','深圳供电局/福田区/香蜜湖街道/香蜜社区/鸣翠居/3栋/1单元/25层',0,25,CURRENT_TIMESTAMP,CURRENT_TIMESTAMP);
INSERT INTO ECMS_D_ST_ORG (id,parent_id,name,type,path_ids,path_names,deleted,sort,created_on,updated_on) VALUES (8840096,8830011,'25层','FLOOR','8800001/8800002/8800003/8800004/8810003/8820011/8830011/8840096','深圳供电局/福田区/香蜜湖街道/香蜜社区/鸣翠居/3栋/1单元/25层',0,25,CURRENT_TIMESTAMP,CURRENT_TIMESTAMP);
INSERT INTO ECMS_D_ST_SHAFT_FLOOR (id,monitor_id,area_id,name,device_id,start_point,end_point,sort,deleted,created_on,updated_on) VALUES (8880096,8860011,8840096,'25层',8850011,0,0,25,0,CURRENT_TIMESTAMP,CURRENT_TIMESTAMP);
INSERT INTO ECMS_D_ST_MONITOR_PARTITION_BIND (id,monitor_id,device_id,shaft_floor_id,partition_id,partition_code,partition_name,data_reference,device_token,partition_no,bind_status,deleted,created_on,updated_on) VALUES (8890096,8860011,8850011,8880096,25,'ft-shaft-dev-0011_TMP_th25','25层分区','/TMP/ft-shaft-dev-0011_TMP_th25','ft-shaft-dev-0011',25,1,0,CURRENT_TIMESTAMP,CURRENT_TIMESTAMP);
UPDATE ECMS_D_ST_MONITOR_PARTITION_BIND SET partition_name = '25层分区[907]' WHERE id = 8890096;
INSERT INTO ECMS_D_ST_AREA (id,parent_id,name,type,path_ids,path_names,deleted,sort,created_on,updated_on) VALUES (8840097,8830011,'26层','FLOOR','8800001/8800002/8800003/8800004/8810003/8820011/8830011/8840097','深圳供电局/福田区/香蜜湖街道/香蜜社区/鸣翠居/3栋/1单元/26层',0,26,CURRENT_TIMESTAMP,CURRENT_TIMESTAMP);
INSERT INTO ECMS_D_ST_ORG (id,parent_id,name,type,path_ids,path_names,deleted,sort,created_on,updated_on) VALUES (8840097,8830011,'26层','FLOOR','8800001/8800002/8800003/8800004/8810003/8820011/8830011/8840097','深圳供电局/福田区/香蜜湖街道/香蜜社区/鸣翠居/3栋/1单元/26层',0,26,CURRENT_TIMESTAMP,CURRENT_TIMESTAMP);
INSERT INTO ECMS_D_ST_SHAFT_FLOOR (id,monitor_id,area_id,name,device_id,start_point,end_point,sort,deleted,created_on,updated_on) VALUES (8880097,8860011,8840097,'26层',8850011,0,0,26,0,CURRENT_TIMESTAMP,CURRENT_TIMESTAMP);
INSERT INTO ECMS_D_ST_MONITOR_PARTITION_BIND (id,monitor_id,device_id,shaft_floor_id,partition_id,partition_code,partition_name,data_reference,device_token,partition_no,bind_status,deleted,created_on,updated_on) VALUES (8890097,8860011,8850011,8880097,26,'ft-shaft-dev-0011_TMP_th26','26层分区','/TMP/ft-shaft-dev-0011_TMP_th26','ft-shaft-dev-0011',26,1,0,CURRENT_TIMESTAMP,CURRENT_TIMESTAMP);
UPDATE ECMS_D_ST_MONITOR_PARTITION_BIND SET partition_name = '26层分区[918]' WHERE id = 8890097;
INSERT INTO ECMS_D_ST_AREA (id,parent_id,name,type,path_ids,path_names,deleted,sort,created_on,updated_on) VALUES (8840098,8830011,'27层','FLOOR','8800001/8800002/8800003/8800004/8810003/8820011/8830011/8840098','深圳供电局/福田区/香蜜湖街道/香蜜社区/鸣翠居/3栋/1单元/27层',0,27,CURRENT_TIMESTAMP,CURRENT_TIMESTAMP);
INSERT INTO ECMS_D_ST_ORG (id,parent_id,name,type,path_ids,path_names,deleted,sort,created_on,updated_on) VALUES (8840098,8830011,'27层','FLOOR','8800001/8800002/8800003/8800004/8810003/8820011/8830011/8840098','深圳供电局/福田区/香蜜湖街道/香蜜社区/鸣翠居/3栋/1单元/27层',0,27,CURRENT_TIMESTAMP,CURRENT_TIMESTAMP);
INSERT INTO ECMS_D_ST_SHAFT_FLOOR (id,monitor_id,area_id,name,device_id,start_point,end_point,sort,deleted,created_on,updated_on) VALUES (8880098,8860011,8840098,'27层',8850011,0,0,27,0,CURRENT_TIMESTAMP,CURRENT_TIMESTAMP);
INSERT INTO ECMS_D_ST_MONITOR_PARTITION_BIND (id,monitor_id,device_id,shaft_floor_id,partition_id,partition_code,partition_name,data_reference,device_token,partition_no,bind_status,deleted,created_on,updated_on) VALUES (8890098,8860011,8850011,8880098,27,'ft-shaft-dev-0011_TMP_th27','27层分区','/TMP/ft-shaft-dev-0011_TMP_th27','ft-shaft-dev-0011',27,1,0,CURRENT_TIMESTAMP,CURRENT_TIMESTAMP);
UPDATE ECMS_D_ST_MONITOR_PARTITION_BIND SET partition_name = '27层分区[923]' WHERE id = 8890098;
INSERT INTO ECMS_D_ST_AREA (id,parent_id,name,type,path_ids,path_names,deleted,sort,created_on,updated_on) VALUES (8840099,8830011,'28层','FLOOR','8800001/8800002/8800003/8800004/8810003/8820011/8830011/8840099','深圳供电局/福田区/香蜜湖街道/香蜜社区/鸣翠居/3栋/1单元/28层',0,28,CURRENT_TIMESTAMP,CURRENT_TIMESTAMP);
INSERT INTO ECMS_D_ST_ORG (id,parent_id,name,type,path_ids,path_names,deleted,sort,created_on,updated_on) VALUES (8840099,8830011,'28层','FLOOR','8800001/8800002/8800003/8800004/8810003/8820011/8830011/8840099','深圳供电局/福田区/香蜜湖街道/香蜜社区/鸣翠居/3栋/1单元/28层',0,28,CURRENT_TIMESTAMP,CURRENT_TIMESTAMP);
INSERT INTO ECMS_D_ST_SHAFT_FLOOR (id,monitor_id,area_id,name,device_id,start_point,end_point,sort,deleted,created_on,updated_on) VALUES (8880099,8860011,8840099,'28层',8850011,0,0,28,0,CURRENT_TIMESTAMP,CURRENT_TIMESTAMP);
INSERT INTO ECMS_D_ST_MONITOR_PARTITION_BIND (id,monitor_id,device_id,shaft_floor_id,partition_id,partition_code,partition_name,data_reference,device_token,partition_no,bind_status,deleted,created_on,updated_on) VALUES (8890099,8860011,8850011,8880099,28,'ft-shaft-dev-0011_TMP_th28','28层分区','/TMP/ft-shaft-dev-0011_TMP_th28','ft-shaft-dev-0011',28,1,0,CURRENT_TIMESTAMP,CURRENT_TIMESTAMP);
UPDATE ECMS_D_ST_MONITOR_PARTITION_BIND SET partition_name = '28层分区[925]' WHERE id = 8890099;
INSERT INTO ECMS_D_ST_AREA (id,parent_id,name,type,path_ids,path_names,deleted,sort,created_on,updated_on) VALUES (8820012,8810003,'5栋','BUILDING','8800001/8800002/8800003/8800004/8810003/8820012','深圳供电局/福田区/香蜜湖街道/香蜜社区/鸣翠居/5栋',0,5,CURRENT_TIMESTAMP,CURRENT_TIMESTAMP);
INSERT INTO ECMS_D_ST_ORG (id,parent_id,name,type,path_ids,path_names,deleted,sort,created_on,updated_on) VALUES (8820012,8810003,'5栋','BUILDING','8800001/8800002/8800003/8800004/8810003/8820012','深圳供电局/福田区/香蜜湖街道/香蜜社区/鸣翠居/5栋',0,5,CURRENT_TIMESTAMP,CURRENT_TIMESTAMP);
INSERT INTO ECMS_D_ST_AREA (id,parent_id,name,type,path_ids,path_names,deleted,sort,created_on,updated_on) VALUES (8830012,8820012,'1单元','SHAFT','8800001/8800002/8800003/8800004/8810003/8820012/8830012','深圳供电局/福田区/香蜜湖街道/香蜜社区/鸣翠居/5栋/1单元',0,1,CURRENT_TIMESTAMP,CURRENT_TIMESTAMP);
INSERT INTO ECMS_D_ST_ORG (id,parent_id,name,type,path_ids,path_names,deleted,sort,created_on,updated_on) VALUES (8830012,8820012,'1单元','SHAFT','8800001/8800002/8800003/8800004/8810003/8820012/8830012','深圳供电局/福田区/香蜜湖街道/香蜜社区/鸣翠居/5栋/1单元',0,1,CURRENT_TIMESTAMP,CURRENT_TIMESTAMP);
INSERT INTO ECMS_D_ST_SHAFTEVICE_D (id,device_type,name,area_id,iot_code,model,manufacturer,asset_status,org_id,online_status,deleted,created_on,updated_on,remark) VALUES (8850012,'SHAFT_TEMP','鸣翠居5栋1单元竖井',8830012,'ft-shaft-dev-0012','TMP-V1','LEDGER_IMPORT','待接入',8830012,0,0,CURRENT_TIMESTAMP,CURRENT_TIMESTAMP,'福田区台账抽取');
INSERT INTO ECMS_D_ST_MONITOR (id,name,area_id,area_name,elevator_count,shaft_type,monitor_status,owner_company,device_id,remark,deleted,created_on,updated_on) VALUES (8860012,'鸣翠居5栋1单元竖井',8830012,'深圳供电局/福田区/香蜜湖街道/香蜜社区/鸣翠居/5栋/1单元',1,'POWER','RUNNING','深圳供电局',8850012,'福田区台账抽取',0,CURRENT_TIMESTAMP,CURRENT_TIMESTAMP);
INSERT INTO ECMS_D_ST_MONITOREVICE_BIND_D (id,monitor_id,device_id,bind_status,bind_time,deleted,created_on,updated_on) VALUES (8870012,8860012,8850012,1,CURRENT_TIMESTAMP,0,CURRENT_TIMESTAMP,CURRENT_TIMESTAMP);
INSERT INTO ECMS_D_ST_AREA (id,parent_id,name,type,path_ids,path_names,deleted,sort,created_on,updated_on) VALUES (8840100,8830012,'21层','FLOOR','8800001/8800002/8800003/8800004/8810003/8820012/8830012/8840100','深圳供电局/福田区/香蜜湖街道/香蜜社区/鸣翠居/5栋/1单元/21层',0,21,CURRENT_TIMESTAMP,CURRENT_TIMESTAMP);
INSERT INTO ECMS_D_ST_ORG (id,parent_id,name,type,path_ids,path_names,deleted,sort,created_on,updated_on) VALUES (8840100,8830012,'21层','FLOOR','8800001/8800002/8800003/8800004/8810003/8820012/8830012/8840100','深圳供电局/福田区/香蜜湖街道/香蜜社区/鸣翠居/5栋/1单元/21层',0,21,CURRENT_TIMESTAMP,CURRENT_TIMESTAMP);
INSERT INTO ECMS_D_ST_SHAFT_FLOOR (id,monitor_id,area_id,name,device_id,start_point,end_point,sort,deleted,created_on,updated_on) VALUES (8880100,8860012,8840100,'21层',8850012,0,0,21,0,CURRENT_TIMESTAMP,CURRENT_TIMESTAMP);
INSERT INTO ECMS_D_ST_MONITOR_PARTITION_BIND (id,monitor_id,device_id,shaft_floor_id,partition_id,partition_code,partition_name,data_reference,device_token,partition_no,bind_status,deleted,created_on,updated_on) VALUES (8890100,8860012,8850012,8880100,21,'ft-shaft-dev-0012_TMP_th21','21层分区','/TMP/ft-shaft-dev-0012_TMP_th21','ft-shaft-dev-0012',21,1,0,CURRENT_TIMESTAMP,CURRENT_TIMESTAMP);
UPDATE ECMS_D_ST_MONITOR_PARTITION_BIND SET partition_name = '21层分区[218-225]' WHERE id = 8890100;
INSERT INTO ECMS_D_ST_AREA (id,parent_id,name,type,path_ids,path_names,deleted,sort,created_on,updated_on) VALUES (8840101,8830012,'22层','FLOOR','8800001/8800002/8800003/8800004/8810003/8820012/8830012/8840101','深圳供电局/福田区/香蜜湖街道/香蜜社区/鸣翠居/5栋/1单元/22层',0,22,CURRENT_TIMESTAMP,CURRENT_TIMESTAMP);
INSERT INTO ECMS_D_ST_ORG (id,parent_id,name,type,path_ids,path_names,deleted,sort,created_on,updated_on) VALUES (8840101,8830012,'22层','FLOOR','8800001/8800002/8800003/8800004/8810003/8820012/8830012/8840101','深圳供电局/福田区/香蜜湖街道/香蜜社区/鸣翠居/5栋/1单元/22层',0,22,CURRENT_TIMESTAMP,CURRENT_TIMESTAMP);
INSERT INTO ECMS_D_ST_SHAFT_FLOOR (id,monitor_id,area_id,name,device_id,start_point,end_point,sort,deleted,created_on,updated_on) VALUES (8880101,8860012,8840101,'22层',8850012,0,0,22,0,CURRENT_TIMESTAMP,CURRENT_TIMESTAMP);
INSERT INTO ECMS_D_ST_MONITOR_PARTITION_BIND (id,monitor_id,device_id,shaft_floor_id,partition_id,partition_code,partition_name,data_reference,device_token,partition_no,bind_status,deleted,created_on,updated_on) VALUES (8890101,8860012,8850012,8880101,22,'ft-shaft-dev-0012_TMP_th22','22层分区','/TMP/ft-shaft-dev-0012_TMP_th22','ft-shaft-dev-0012',22,1,0,CURRENT_TIMESTAMP,CURRENT_TIMESTAMP);
UPDATE ECMS_D_ST_MONITOR_PARTITION_BIND SET partition_name = '22层分区[225-231]' WHERE id = 8890101;
INSERT INTO ECMS_D_ST_AREA (id,parent_id,name,type,path_ids,path_names,deleted,sort,created_on,updated_on) VALUES (8840102,8830012,'23层','FLOOR','8800001/8800002/8800003/8800004/8810003/8820012/8830012/8840102','深圳供电局/福田区/香蜜湖街道/香蜜社区/鸣翠居/5栋/1单元/23层',0,23,CURRENT_TIMESTAMP,CURRENT_TIMESTAMP);
INSERT INTO ECMS_D_ST_ORG (id,parent_id,name,type,path_ids,path_names,deleted,sort,created_on,updated_on) VALUES (8840102,8830012,'23层','FLOOR','8800001/8800002/8800003/8800004/8810003/8820012/8830012/8840102','深圳供电局/福田区/香蜜湖街道/香蜜社区/鸣翠居/5栋/1单元/23层',0,23,CURRENT_TIMESTAMP,CURRENT_TIMESTAMP);
INSERT INTO ECMS_D_ST_SHAFT_FLOOR (id,monitor_id,area_id,name,device_id,start_point,end_point,sort,deleted,created_on,updated_on) VALUES (8880102,8860012,8840102,'23层',8850012,0,0,23,0,CURRENT_TIMESTAMP,CURRENT_TIMESTAMP);
INSERT INTO ECMS_D_ST_MONITOR_PARTITION_BIND (id,monitor_id,device_id,shaft_floor_id,partition_id,partition_code,partition_name,data_reference,device_token,partition_no,bind_status,deleted,created_on,updated_on) VALUES (8890102,8860012,8850012,8880102,23,'ft-shaft-dev-0012_TMP_th23','23层分区','/TMP/ft-shaft-dev-0012_TMP_th23','ft-shaft-dev-0012',23,1,0,CURRENT_TIMESTAMP,CURRENT_TIMESTAMP);
UPDATE ECMS_D_ST_MONITOR_PARTITION_BIND SET partition_name = '23层分区[231-240]' WHERE id = 8890102;
INSERT INTO ECMS_D_ST_AREA (id,parent_id,name,type,path_ids,path_names,deleted,sort,created_on,updated_on) VALUES (8840103,8830012,'24层','FLOOR','8800001/8800002/8800003/8800004/8810003/8820012/8830012/8840103','深圳供电局/福田区/香蜜湖街道/香蜜社区/鸣翠居/5栋/1单元/24层',0,24,CURRENT_TIMESTAMP,CURRENT_TIMESTAMP);
INSERT INTO ECMS_D_ST_ORG (id,parent_id,name,type,path_ids,path_names,deleted,sort,created_on,updated_on) VALUES (8840103,8830012,'24层','FLOOR','8800001/8800002/8800003/8800004/8810003/8820012/8830012/8840103','深圳供电局/福田区/香蜜湖街道/香蜜社区/鸣翠居/5栋/1单元/24层',0,24,CURRENT_TIMESTAMP,CURRENT_TIMESTAMP);
INSERT INTO ECMS_D_ST_SHAFT_FLOOR (id,monitor_id,area_id,name,device_id,start_point,end_point,sort,deleted,created_on,updated_on) VALUES (8880103,8860012,8840103,'24层',8850012,0,0,24,0,CURRENT_TIMESTAMP,CURRENT_TIMESTAMP);
INSERT INTO ECMS_D_ST_MONITOR_PARTITION_BIND (id,monitor_id,device_id,shaft_floor_id,partition_id,partition_code,partition_name,data_reference,device_token,partition_no,bind_status,deleted,created_on,updated_on) VALUES (8890103,8860012,8850012,8880103,24,'ft-shaft-dev-0012_TMP_th24','24层分区','/TMP/ft-shaft-dev-0012_TMP_th24','ft-shaft-dev-0012',24,1,0,CURRENT_TIMESTAMP,CURRENT_TIMESTAMP);
UPDATE ECMS_D_ST_MONITOR_PARTITION_BIND SET partition_name = '24层分区[240-243]' WHERE id = 8890103;
INSERT INTO ECMS_D_ST_AREA (id,parent_id,name,type,path_ids,path_names,deleted,sort,created_on,updated_on) VALUES (8840104,8830012,'25层','FLOOR','8800001/8800002/8800003/8800004/8810003/8820012/8830012/8840104','深圳供电局/福田区/香蜜湖街道/香蜜社区/鸣翠居/5栋/1单元/25层',0,25,CURRENT_TIMESTAMP,CURRENT_TIMESTAMP);
INSERT INTO ECMS_D_ST_ORG (id,parent_id,name,type,path_ids,path_names,deleted,sort,created_on,updated_on) VALUES (8840104,8830012,'25层','FLOOR','8800001/8800002/8800003/8800004/8810003/8820012/8830012/8840104','深圳供电局/福田区/香蜜湖街道/香蜜社区/鸣翠居/5栋/1单元/25层',0,25,CURRENT_TIMESTAMP,CURRENT_TIMESTAMP);
INSERT INTO ECMS_D_ST_SHAFT_FLOOR (id,monitor_id,area_id,name,device_id,start_point,end_point,sort,deleted,created_on,updated_on) VALUES (8880104,8860012,8840104,'25层',8850012,0,0,25,0,CURRENT_TIMESTAMP,CURRENT_TIMESTAMP);
INSERT INTO ECMS_D_ST_MONITOR_PARTITION_BIND (id,monitor_id,device_id,shaft_floor_id,partition_id,partition_code,partition_name,data_reference,device_token,partition_no,bind_status,deleted,created_on,updated_on) VALUES (8890104,8860012,8850012,8880104,25,'ft-shaft-dev-0012_TMP_th25','25层分区','/TMP/ft-shaft-dev-0012_TMP_th25','ft-shaft-dev-0012',25,1,0,CURRENT_TIMESTAMP,CURRENT_TIMESTAMP);
UPDATE ECMS_D_ST_MONITOR_PARTITION_BIND SET partition_name = '25层分区[243-248]' WHERE id = 8890104;
INSERT INTO ECMS_D_ST_AREA (id,parent_id,name,type,path_ids,path_names,deleted,sort,created_on,updated_on) VALUES (8840105,8830012,'26层','FLOOR','8800001/8800002/8800003/8800004/8810003/8820012/8830012/8840105','深圳供电局/福田区/香蜜湖街道/香蜜社区/鸣翠居/5栋/1单元/26层',0,26,CURRENT_TIMESTAMP,CURRENT_TIMESTAMP);
INSERT INTO ECMS_D_ST_ORG (id,parent_id,name,type,path_ids,path_names,deleted,sort,created_on,updated_on) VALUES (8840105,8830012,'26层','FLOOR','8800001/8800002/8800003/8800004/8810003/8820012/8830012/8840105','深圳供电局/福田区/香蜜湖街道/香蜜社区/鸣翠居/5栋/1单元/26层',0,26,CURRENT_TIMESTAMP,CURRENT_TIMESTAMP);
INSERT INTO ECMS_D_ST_SHAFT_FLOOR (id,monitor_id,area_id,name,device_id,start_point,end_point,sort,deleted,created_on,updated_on) VALUES (8880105,8860012,8840105,'26层',8850012,0,0,26,0,CURRENT_TIMESTAMP,CURRENT_TIMESTAMP);
INSERT INTO ECMS_D_ST_MONITOR_PARTITION_BIND (id,monitor_id,device_id,shaft_floor_id,partition_id,partition_code,partition_name,data_reference,device_token,partition_no,bind_status,deleted,created_on,updated_on) VALUES (8890105,8860012,8850012,8880105,26,'ft-shaft-dev-0012_TMP_th26','26层分区','/TMP/ft-shaft-dev-0012_TMP_th26','ft-shaft-dev-0012',26,1,0,CURRENT_TIMESTAMP,CURRENT_TIMESTAMP);
UPDATE ECMS_D_ST_MONITOR_PARTITION_BIND SET partition_name = '26层分区[248-253]' WHERE id = 8890105;
INSERT INTO ECMS_D_ST_AREA (id,parent_id,name,type,path_ids,path_names,deleted,sort,created_on,updated_on) VALUES (8840106,8830012,'27层','FLOOR','8800001/8800002/8800003/8800004/8810003/8820012/8830012/8840106','深圳供电局/福田区/香蜜湖街道/香蜜社区/鸣翠居/5栋/1单元/27层',0,27,CURRENT_TIMESTAMP,CURRENT_TIMESTAMP);
INSERT INTO ECMS_D_ST_ORG (id,parent_id,name,type,path_ids,path_names,deleted,sort,created_on,updated_on) VALUES (8840106,8830012,'27层','FLOOR','8800001/8800002/8800003/8800004/8810003/8820012/8830012/8840106','深圳供电局/福田区/香蜜湖街道/香蜜社区/鸣翠居/5栋/1单元/27层',0,27,CURRENT_TIMESTAMP,CURRENT_TIMESTAMP);
INSERT INTO ECMS_D_ST_SHAFT_FLOOR (id,monitor_id,area_id,name,device_id,start_point,end_point,sort,deleted,created_on,updated_on) VALUES (8880106,8860012,8840106,'27层',8850012,0,0,27,0,CURRENT_TIMESTAMP,CURRENT_TIMESTAMP);
INSERT INTO ECMS_D_ST_MONITOR_PARTITION_BIND (id,monitor_id,device_id,shaft_floor_id,partition_id,partition_code,partition_name,data_reference,device_token,partition_no,bind_status,deleted,created_on,updated_on) VALUES (8890106,8860012,8850012,8880106,27,'ft-shaft-dev-0012_TMP_th27','27层分区','/TMP/ft-shaft-dev-0012_TMP_th27','ft-shaft-dev-0012',27,1,0,CURRENT_TIMESTAMP,CURRENT_TIMESTAMP);
UPDATE ECMS_D_ST_MONITOR_PARTITION_BIND SET partition_name = '27层分区[253-258]' WHERE id = 8890106;
INSERT INTO ECMS_D_ST_AREA (id,parent_id,name,type,path_ids,path_names,deleted,sort,created_on,updated_on) VALUES (8840107,8830012,'28层','FLOOR','8800001/8800002/8800003/8800004/8810003/8820012/8830012/8840107','深圳供电局/福田区/香蜜湖街道/香蜜社区/鸣翠居/5栋/1单元/28层',0,28,CURRENT_TIMESTAMP,CURRENT_TIMESTAMP);
INSERT INTO ECMS_D_ST_ORG (id,parent_id,name,type,path_ids,path_names,deleted,sort,created_on,updated_on) VALUES (8840107,8830012,'28层','FLOOR','8800001/8800002/8800003/8800004/8810003/8820012/8830012/8840107','深圳供电局/福田区/香蜜湖街道/香蜜社区/鸣翠居/5栋/1单元/28层',0,28,CURRENT_TIMESTAMP,CURRENT_TIMESTAMP);
INSERT INTO ECMS_D_ST_SHAFT_FLOOR (id,monitor_id,area_id,name,device_id,start_point,end_point,sort,deleted,created_on,updated_on) VALUES (8880107,8860012,8840107,'28层',8850012,0,0,28,0,CURRENT_TIMESTAMP,CURRENT_TIMESTAMP);
INSERT INTO ECMS_D_ST_MONITOR_PARTITION_BIND (id,monitor_id,device_id,shaft_floor_id,partition_id,partition_code,partition_name,data_reference,device_token,partition_no,bind_status,deleted,created_on,updated_on) VALUES (8890107,8860012,8850012,8880107,28,'ft-shaft-dev-0012_TMP_th28','28层分区','/TMP/ft-shaft-dev-0012_TMP_th28','ft-shaft-dev-0012',28,1,0,CURRENT_TIMESTAMP,CURRENT_TIMESTAMP);
UPDATE ECMS_D_ST_MONITOR_PARTITION_BIND SET partition_name = '28层分区[258-262]' WHERE id = 8890107;
INSERT INTO ECMS_D_ST_AREA (id,parent_id,name,type,path_ids,path_names,deleted,sort,created_on,updated_on) VALUES (8840108,8830012,'29层','FLOOR','8800001/8800002/8800003/8800004/8810003/8820012/8830012/8840108','深圳供电局/福田区/香蜜湖街道/香蜜社区/鸣翠居/5栋/1单元/29层',0,29,CURRENT_TIMESTAMP,CURRENT_TIMESTAMP);
INSERT INTO ECMS_D_ST_ORG (id,parent_id,name,type,path_ids,path_names,deleted,sort,created_on,updated_on) VALUES (8840108,8830012,'29层','FLOOR','8800001/8800002/8800003/8800004/8810003/8820012/8830012/8840108','深圳供电局/福田区/香蜜湖街道/香蜜社区/鸣翠居/5栋/1单元/29层',0,29,CURRENT_TIMESTAMP,CURRENT_TIMESTAMP);
INSERT INTO ECMS_D_ST_SHAFT_FLOOR (id,monitor_id,area_id,name,device_id,start_point,end_point,sort,deleted,created_on,updated_on) VALUES (8880108,8860012,8840108,'29层',8850012,0,0,29,0,CURRENT_TIMESTAMP,CURRENT_TIMESTAMP);
INSERT INTO ECMS_D_ST_MONITOR_PARTITION_BIND (id,monitor_id,device_id,shaft_floor_id,partition_id,partition_code,partition_name,data_reference,device_token,partition_no,bind_status,deleted,created_on,updated_on) VALUES (8890108,8860012,8850012,8880108,29,'ft-shaft-dev-0012_TMP_th29','29层分区','/TMP/ft-shaft-dev-0012_TMP_th29','ft-shaft-dev-0012',29,1,0,CURRENT_TIMESTAMP,CURRENT_TIMESTAMP);
UPDATE ECMS_D_ST_MONITOR_PARTITION_BIND SET partition_name = '29层分区[262-267]' WHERE id = 8890108;
INSERT INTO ECMS_D_ST_AREA (id,parent_id,name,type,path_ids,path_names,deleted,sort,created_on,updated_on) VALUES (8820013,8810003,'6栋','BUILDING','8800001/8800002/8800003/8800004/8810003/8820013','深圳供电局/福田区/香蜜湖街道/香蜜社区/鸣翠居/6栋',0,6,CURRENT_TIMESTAMP,CURRENT_TIMESTAMP);
INSERT INTO ECMS_D_ST_ORG (id,parent_id,name,type,path_ids,path_names,deleted,sort,created_on,updated_on) VALUES (8820013,8810003,'6栋','BUILDING','8800001/8800002/8800003/8800004/8810003/8820013','深圳供电局/福田区/香蜜湖街道/香蜜社区/鸣翠居/6栋',0,6,CURRENT_TIMESTAMP,CURRENT_TIMESTAMP);
INSERT INTO ECMS_D_ST_AREA (id,parent_id,name,type,path_ids,path_names,deleted,sort,created_on,updated_on) VALUES (8830013,8820013,'1单元','SHAFT','8800001/8800002/8800003/8800004/8810003/8820013/8830013','深圳供电局/福田区/香蜜湖街道/香蜜社区/鸣翠居/6栋/1单元',0,1,CURRENT_TIMESTAMP,CURRENT_TIMESTAMP);
INSERT INTO ECMS_D_ST_ORG (id,parent_id,name,type,path_ids,path_names,deleted,sort,created_on,updated_on) VALUES (8830013,8820013,'1单元','SHAFT','8800001/8800002/8800003/8800004/8810003/8820013/8830013','深圳供电局/福田区/香蜜湖街道/香蜜社区/鸣翠居/6栋/1单元',0,1,CURRENT_TIMESTAMP,CURRENT_TIMESTAMP);
INSERT INTO ECMS_D_ST_SHAFTEVICE_D (id,device_type,name,area_id,iot_code,model,manufacturer,asset_status,org_id,online_status,deleted,created_on,updated_on,remark) VALUES (8850013,'SHAFT_TEMP','鸣翠居6栋1单元竖井',8830013,'ft-shaft-dev-0013','TMP-V1','LEDGER_IMPORT','待接入',8830013,0,0,CURRENT_TIMESTAMP,CURRENT_TIMESTAMP,'福田区台账抽取');
INSERT INTO ECMS_D_ST_MONITOR (id,name,area_id,area_name,elevator_count,shaft_type,monitor_status,owner_company,device_id,remark,deleted,created_on,updated_on) VALUES (8860013,'鸣翠居6栋1单元竖井',8830013,'深圳供电局/福田区/香蜜湖街道/香蜜社区/鸣翠居/6栋/1单元',1,'POWER','RUNNING','深圳供电局',8850013,'福田区台账抽取',0,CURRENT_TIMESTAMP,CURRENT_TIMESTAMP);
INSERT INTO ECMS_D_ST_MONITOREVICE_BIND_D (id,monitor_id,device_id,bind_status,bind_time,deleted,created_on,updated_on) VALUES (8870013,8860013,8850013,1,CURRENT_TIMESTAMP,0,CURRENT_TIMESTAMP,CURRENT_TIMESTAMP);
INSERT INTO ECMS_D_ST_AREA (id,parent_id,name,type,path_ids,path_names,deleted,sort,created_on,updated_on) VALUES (8840109,8830013,'19层','FLOOR','8800001/8800002/8800003/8800004/8810003/8820013/8830013/8840109','深圳供电局/福田区/香蜜湖街道/香蜜社区/鸣翠居/6栋/1单元/19层',0,19,CURRENT_TIMESTAMP,CURRENT_TIMESTAMP);
INSERT INTO ECMS_D_ST_ORG (id,parent_id,name,type,path_ids,path_names,deleted,sort,created_on,updated_on) VALUES (8840109,8830013,'19层','FLOOR','8800001/8800002/8800003/8800004/8810003/8820013/8830013/8840109','深圳供电局/福田区/香蜜湖街道/香蜜社区/鸣翠居/6栋/1单元/19层',0,19,CURRENT_TIMESTAMP,CURRENT_TIMESTAMP);
INSERT INTO ECMS_D_ST_SHAFT_FLOOR (id,monitor_id,area_id,name,device_id,start_point,end_point,sort,deleted,created_on,updated_on) VALUES (8880109,8860013,8840109,'19层',8850013,0,0,19,0,CURRENT_TIMESTAMP,CURRENT_TIMESTAMP);
INSERT INTO ECMS_D_ST_MONITOR_PARTITION_BIND (id,monitor_id,device_id,shaft_floor_id,partition_id,partition_code,partition_name,data_reference,device_token,partition_no,bind_status,deleted,created_on,updated_on) VALUES (8890109,8860013,8850013,8880109,19,'ft-shaft-dev-0013_TMP_th19','19层分区','/TMP/ft-shaft-dev-0013_TMP_th19','ft-shaft-dev-0013',19,1,0,CURRENT_TIMESTAMP,CURRENT_TIMESTAMP);
UPDATE ECMS_D_ST_MONITOR_PARTITION_BIND SET partition_name = '19层分区[195-202]' WHERE id = 8890109;
INSERT INTO ECMS_D_ST_AREA (id,parent_id,name,type,path_ids,path_names,deleted,sort,created_on,updated_on) VALUES (8840110,8830013,'20层','FLOOR','8800001/8800002/8800003/8800004/8810003/8820013/8830013/8840110','深圳供电局/福田区/香蜜湖街道/香蜜社区/鸣翠居/6栋/1单元/20层',0,20,CURRENT_TIMESTAMP,CURRENT_TIMESTAMP);
INSERT INTO ECMS_D_ST_ORG (id,parent_id,name,type,path_ids,path_names,deleted,sort,created_on,updated_on) VALUES (8840110,8830013,'20层','FLOOR','8800001/8800002/8800003/8800004/8810003/8820013/8830013/8840110','深圳供电局/福田区/香蜜湖街道/香蜜社区/鸣翠居/6栋/1单元/20层',0,20,CURRENT_TIMESTAMP,CURRENT_TIMESTAMP);
INSERT INTO ECMS_D_ST_SHAFT_FLOOR (id,monitor_id,area_id,name,device_id,start_point,end_point,sort,deleted,created_on,updated_on) VALUES (8880110,8860013,8840110,'20层',8850013,0,0,20,0,CURRENT_TIMESTAMP,CURRENT_TIMESTAMP);
INSERT INTO ECMS_D_ST_MONITOR_PARTITION_BIND (id,monitor_id,device_id,shaft_floor_id,partition_id,partition_code,partition_name,data_reference,device_token,partition_no,bind_status,deleted,created_on,updated_on) VALUES (8890110,8860013,8850013,8880110,20,'ft-shaft-dev-0013_TMP_th20','20层分区','/TMP/ft-shaft-dev-0013_TMP_th20','ft-shaft-dev-0013',20,1,0,CURRENT_TIMESTAMP,CURRENT_TIMESTAMP);
UPDATE ECMS_D_ST_MONITOR_PARTITION_BIND SET partition_name = '20层分区[202-210]' WHERE id = 8890110;
INSERT INTO ECMS_D_ST_AREA (id,parent_id,name,type,path_ids,path_names,deleted,sort,created_on,updated_on) VALUES (8840111,8830013,'21层','FLOOR','8800001/8800002/8800003/8800004/8810003/8820013/8830013/8840111','深圳供电局/福田区/香蜜湖街道/香蜜社区/鸣翠居/6栋/1单元/21层',0,21,CURRENT_TIMESTAMP,CURRENT_TIMESTAMP);
INSERT INTO ECMS_D_ST_ORG (id,parent_id,name,type,path_ids,path_names,deleted,sort,created_on,updated_on) VALUES (8840111,8830013,'21层','FLOOR','8800001/8800002/8800003/8800004/8810003/8820013/8830013/8840111','深圳供电局/福田区/香蜜湖街道/香蜜社区/鸣翠居/6栋/1单元/21层',0,21,CURRENT_TIMESTAMP,CURRENT_TIMESTAMP);
INSERT INTO ECMS_D_ST_SHAFT_FLOOR (id,monitor_id,area_id,name,device_id,start_point,end_point,sort,deleted,created_on,updated_on) VALUES (8880111,8860013,8840111,'21层',8850013,0,0,21,0,CURRENT_TIMESTAMP,CURRENT_TIMESTAMP);
INSERT INTO ECMS_D_ST_MONITOR_PARTITION_BIND (id,monitor_id,device_id,shaft_floor_id,partition_id,partition_code,partition_name,data_reference,device_token,partition_no,bind_status,deleted,created_on,updated_on) VALUES (8890111,8860013,8850013,8880111,21,'ft-shaft-dev-0013_TMP_th21','21层分区','/TMP/ft-shaft-dev-0013_TMP_th21','ft-shaft-dev-0013',21,1,0,CURRENT_TIMESTAMP,CURRENT_TIMESTAMP);
UPDATE ECMS_D_ST_MONITOR_PARTITION_BIND SET partition_name = '21层分区[210-216]' WHERE id = 8890111;
INSERT INTO ECMS_D_ST_AREA (id,parent_id,name,type,path_ids,path_names,deleted,sort,created_on,updated_on) VALUES (8840112,8830013,'22层','FLOOR','8800001/8800002/8800003/8800004/8810003/8820013/8830013/8840112','深圳供电局/福田区/香蜜湖街道/香蜜社区/鸣翠居/6栋/1单元/22层',0,22,CURRENT_TIMESTAMP,CURRENT_TIMESTAMP);
INSERT INTO ECMS_D_ST_ORG (id,parent_id,name,type,path_ids,path_names,deleted,sort,created_on,updated_on) VALUES (8840112,8830013,'22层','FLOOR','8800001/8800002/8800003/8800004/8810003/8820013/8830013/8840112','深圳供电局/福田区/香蜜湖街道/香蜜社区/鸣翠居/6栋/1单元/22层',0,22,CURRENT_TIMESTAMP,CURRENT_TIMESTAMP);
INSERT INTO ECMS_D_ST_SHAFT_FLOOR (id,monitor_id,area_id,name,device_id,start_point,end_point,sort,deleted,created_on,updated_on) VALUES (8880112,8860013,8840112,'22层',8850013,0,0,22,0,CURRENT_TIMESTAMP,CURRENT_TIMESTAMP);
INSERT INTO ECMS_D_ST_MONITOR_PARTITION_BIND (id,monitor_id,device_id,shaft_floor_id,partition_id,partition_code,partition_name,data_reference,device_token,partition_no,bind_status,deleted,created_on,updated_on) VALUES (8890112,8860013,8850013,8880112,22,'ft-shaft-dev-0013_TMP_th22','22层分区','/TMP/ft-shaft-dev-0013_TMP_th22','ft-shaft-dev-0013',22,1,0,CURRENT_TIMESTAMP,CURRENT_TIMESTAMP);
UPDATE ECMS_D_ST_MONITOR_PARTITION_BIND SET partition_name = '22层分区[216-226]' WHERE id = 8890112;
INSERT INTO ECMS_D_ST_AREA (id,parent_id,name,type,path_ids,path_names,deleted,sort,created_on,updated_on) VALUES (8840113,8830013,'23层','FLOOR','8800001/8800002/8800003/8800004/8810003/8820013/8830013/8840113','深圳供电局/福田区/香蜜湖街道/香蜜社区/鸣翠居/6栋/1单元/23层',0,23,CURRENT_TIMESTAMP,CURRENT_TIMESTAMP);
INSERT INTO ECMS_D_ST_ORG (id,parent_id,name,type,path_ids,path_names,deleted,sort,created_on,updated_on) VALUES (8840113,8830013,'23层','FLOOR','8800001/8800002/8800003/8800004/8810003/8820013/8830013/8840113','深圳供电局/福田区/香蜜湖街道/香蜜社区/鸣翠居/6栋/1单元/23层',0,23,CURRENT_TIMESTAMP,CURRENT_TIMESTAMP);
INSERT INTO ECMS_D_ST_SHAFT_FLOOR (id,monitor_id,area_id,name,device_id,start_point,end_point,sort,deleted,created_on,updated_on) VALUES (8880113,8860013,8840113,'23层',8850013,0,0,23,0,CURRENT_TIMESTAMP,CURRENT_TIMESTAMP);
INSERT INTO ECMS_D_ST_MONITOR_PARTITION_BIND (id,monitor_id,device_id,shaft_floor_id,partition_id,partition_code,partition_name,data_reference,device_token,partition_no,bind_status,deleted,created_on,updated_on) VALUES (8890113,8860013,8850013,8880113,23,'ft-shaft-dev-0013_TMP_th23','23层分区','/TMP/ft-shaft-dev-0013_TMP_th23','ft-shaft-dev-0013',23,1,0,CURRENT_TIMESTAMP,CURRENT_TIMESTAMP);
UPDATE ECMS_D_ST_MONITOR_PARTITION_BIND SET partition_name = '23层分区[226-233]' WHERE id = 8890113;
INSERT INTO ECMS_D_ST_AREA (id,parent_id,name,type,path_ids,path_names,deleted,sort,created_on,updated_on) VALUES (8840114,8830013,'24层','FLOOR','8800001/8800002/8800003/8800004/8810003/8820013/8830013/8840114','深圳供电局/福田区/香蜜湖街道/香蜜社区/鸣翠居/6栋/1单元/24层',0,24,CURRENT_TIMESTAMP,CURRENT_TIMESTAMP);
INSERT INTO ECMS_D_ST_ORG (id,parent_id,name,type,path_ids,path_names,deleted,sort,created_on,updated_on) VALUES (8840114,8830013,'24层','FLOOR','8800001/8800002/8800003/8800004/8810003/8820013/8830013/8840114','深圳供电局/福田区/香蜜湖街道/香蜜社区/鸣翠居/6栋/1单元/24层',0,24,CURRENT_TIMESTAMP,CURRENT_TIMESTAMP);
INSERT INTO ECMS_D_ST_SHAFT_FLOOR (id,monitor_id,area_id,name,device_id,start_point,end_point,sort,deleted,created_on,updated_on) VALUES (8880114,8860013,8840114,'24层',8850013,0,0,24,0,CURRENT_TIMESTAMP,CURRENT_TIMESTAMP);
INSERT INTO ECMS_D_ST_MONITOR_PARTITION_BIND (id,monitor_id,device_id,shaft_floor_id,partition_id,partition_code,partition_name,data_reference,device_token,partition_no,bind_status,deleted,created_on,updated_on) VALUES (8890114,8860013,8850013,8880114,24,'ft-shaft-dev-0013_TMP_th24','24层分区','/TMP/ft-shaft-dev-0013_TMP_th24','ft-shaft-dev-0013',24,1,0,CURRENT_TIMESTAMP,CURRENT_TIMESTAMP);
UPDATE ECMS_D_ST_MONITOR_PARTITION_BIND SET partition_name = '24层分区[233-238]' WHERE id = 8890114;
INSERT INTO ECMS_D_ST_AREA (id,parent_id,name,type,path_ids,path_names,deleted,sort,created_on,updated_on) VALUES (8840115,8830013,'25层','FLOOR','8800001/8800002/8800003/8800004/8810003/8820013/8830013/8840115','深圳供电局/福田区/香蜜湖街道/香蜜社区/鸣翠居/6栋/1单元/25层',0,25,CURRENT_TIMESTAMP,CURRENT_TIMESTAMP);
INSERT INTO ECMS_D_ST_ORG (id,parent_id,name,type,path_ids,path_names,deleted,sort,created_on,updated_on) VALUES (8840115,8830013,'25层','FLOOR','8800001/8800002/8800003/8800004/8810003/8820013/8830013/8840115','深圳供电局/福田区/香蜜湖街道/香蜜社区/鸣翠居/6栋/1单元/25层',0,25,CURRENT_TIMESTAMP,CURRENT_TIMESTAMP);
INSERT INTO ECMS_D_ST_SHAFT_FLOOR (id,monitor_id,area_id,name,device_id,start_point,end_point,sort,deleted,created_on,updated_on) VALUES (8880115,8860013,8840115,'25层',8850013,0,0,25,0,CURRENT_TIMESTAMP,CURRENT_TIMESTAMP);
INSERT INTO ECMS_D_ST_MONITOR_PARTITION_BIND (id,monitor_id,device_id,shaft_floor_id,partition_id,partition_code,partition_name,data_reference,device_token,partition_no,bind_status,deleted,created_on,updated_on) VALUES (8890115,8860013,8850013,8880115,25,'ft-shaft-dev-0013_TMP_th25','25层分区','/TMP/ft-shaft-dev-0013_TMP_th25','ft-shaft-dev-0013',25,1,0,CURRENT_TIMESTAMP,CURRENT_TIMESTAMP);
UPDATE ECMS_D_ST_MONITOR_PARTITION_BIND SET partition_name = '25层分区[238-244]' WHERE id = 8890115;
INSERT INTO ECMS_D_ST_AREA (id,parent_id,name,type,path_ids,path_names,deleted,sort,created_on,updated_on) VALUES (8840116,8830013,'26层','FLOOR','8800001/8800002/8800003/8800004/8810003/8820013/8830013/8840116','深圳供电局/福田区/香蜜湖街道/香蜜社区/鸣翠居/6栋/1单元/26层',0,26,CURRENT_TIMESTAMP,CURRENT_TIMESTAMP);
INSERT INTO ECMS_D_ST_ORG (id,parent_id,name,type,path_ids,path_names,deleted,sort,created_on,updated_on) VALUES (8840116,8830013,'26层','FLOOR','8800001/8800002/8800003/8800004/8810003/8820013/8830013/8840116','深圳供电局/福田区/香蜜湖街道/香蜜社区/鸣翠居/6栋/1单元/26层',0,26,CURRENT_TIMESTAMP,CURRENT_TIMESTAMP);
INSERT INTO ECMS_D_ST_SHAFT_FLOOR (id,monitor_id,area_id,name,device_id,start_point,end_point,sort,deleted,created_on,updated_on) VALUES (8880116,8860013,8840116,'26层',8850013,0,0,26,0,CURRENT_TIMESTAMP,CURRENT_TIMESTAMP);
INSERT INTO ECMS_D_ST_MONITOR_PARTITION_BIND (id,monitor_id,device_id,shaft_floor_id,partition_id,partition_code,partition_name,data_reference,device_token,partition_no,bind_status,deleted,created_on,updated_on) VALUES (8890116,8860013,8850013,8880116,26,'ft-shaft-dev-0013_TMP_th26','26层分区','/TMP/ft-shaft-dev-0013_TMP_th26','ft-shaft-dev-0013',26,1,0,CURRENT_TIMESTAMP,CURRENT_TIMESTAMP);
UPDATE ECMS_D_ST_MONITOR_PARTITION_BIND SET partition_name = '26层分区[244-250]' WHERE id = 8890116;
INSERT INTO ECMS_D_ST_AREA (id,parent_id,name,type,path_ids,path_names,deleted,sort,created_on,updated_on) VALUES (8840117,8830013,'27层','FLOOR','8800001/8800002/8800003/8800004/8810003/8820013/8830013/8840117','深圳供电局/福田区/香蜜湖街道/香蜜社区/鸣翠居/6栋/1单元/27层',0,27,CURRENT_TIMESTAMP,CURRENT_TIMESTAMP);
INSERT INTO ECMS_D_ST_ORG (id,parent_id,name,type,path_ids,path_names,deleted,sort,created_on,updated_on) VALUES (8840117,8830013,'27层','FLOOR','8800001/8800002/8800003/8800004/8810003/8820013/8830013/8840117','深圳供电局/福田区/香蜜湖街道/香蜜社区/鸣翠居/6栋/1单元/27层',0,27,CURRENT_TIMESTAMP,CURRENT_TIMESTAMP);
INSERT INTO ECMS_D_ST_SHAFT_FLOOR (id,monitor_id,area_id,name,device_id,start_point,end_point,sort,deleted,created_on,updated_on) VALUES (8880117,8860013,8840117,'27层',8850013,0,0,27,0,CURRENT_TIMESTAMP,CURRENT_TIMESTAMP);
INSERT INTO ECMS_D_ST_MONITOR_PARTITION_BIND (id,monitor_id,device_id,shaft_floor_id,partition_id,partition_code,partition_name,data_reference,device_token,partition_no,bind_status,deleted,created_on,updated_on) VALUES (8890117,8860013,8850013,8880117,27,'ft-shaft-dev-0013_TMP_th27','27层分区','/TMP/ft-shaft-dev-0013_TMP_th27','ft-shaft-dev-0013',27,1,0,CURRENT_TIMESTAMP,CURRENT_TIMESTAMP);
UPDATE ECMS_D_ST_MONITOR_PARTITION_BIND SET partition_name = '27层分区[250-254]' WHERE id = 8890117;
INSERT INTO ECMS_D_ST_AREA (id,parent_id,name,type,path_ids,path_names,deleted,sort,created_on,updated_on) VALUES (8820014,8810003,'8栋','BUILDING','8800001/8800002/8800003/8800004/8810003/8820014','深圳供电局/福田区/香蜜湖街道/香蜜社区/鸣翠居/8栋',0,8,CURRENT_TIMESTAMP,CURRENT_TIMESTAMP);
INSERT INTO ECMS_D_ST_ORG (id,parent_id,name,type,path_ids,path_names,deleted,sort,created_on,updated_on) VALUES (8820014,8810003,'8栋','BUILDING','8800001/8800002/8800003/8800004/8810003/8820014','深圳供电局/福田区/香蜜湖街道/香蜜社区/鸣翠居/8栋',0,8,CURRENT_TIMESTAMP,CURRENT_TIMESTAMP);
INSERT INTO ECMS_D_ST_AREA (id,parent_id,name,type,path_ids,path_names,deleted,sort,created_on,updated_on) VALUES (8830014,8820014,'1单元','SHAFT','8800001/8800002/8800003/8800004/8810003/8820014/8830014','深圳供电局/福田区/香蜜湖街道/香蜜社区/鸣翠居/8栋/1单元',0,1,CURRENT_TIMESTAMP,CURRENT_TIMESTAMP);
INSERT INTO ECMS_D_ST_ORG (id,parent_id,name,type,path_ids,path_names,deleted,sort,created_on,updated_on) VALUES (8830014,8820014,'1单元','SHAFT','8800001/8800002/8800003/8800004/8810003/8820014/8830014','深圳供电局/福田区/香蜜湖街道/香蜜社区/鸣翠居/8栋/1单元',0,1,CURRENT_TIMESTAMP,CURRENT_TIMESTAMP);
INSERT INTO ECMS_D_ST_SHAFTEVICE_D (id,device_type,name,area_id,iot_code,model,manufacturer,asset_status,org_id,online_status,deleted,created_on,updated_on,remark) VALUES (8850014,'SHAFT_TEMP','鸣翠居8栋1单元竖井',8830014,'ft-shaft-dev-0014','TMP-V1','LEDGER_IMPORT','待接入',8830014,0,0,CURRENT_TIMESTAMP,CURRENT_TIMESTAMP,'福田区台账抽取');
INSERT INTO ECMS_D_ST_MONITOR (id,name,area_id,area_name,elevator_count,shaft_type,monitor_status,owner_company,device_id,remark,deleted,created_on,updated_on) VALUES (8860014,'鸣翠居8栋1单元竖井',8830014,'深圳供电局/福田区/香蜜湖街道/香蜜社区/鸣翠居/8栋/1单元',1,'POWER','RUNNING','深圳供电局',8850014,'福田区台账抽取',0,CURRENT_TIMESTAMP,CURRENT_TIMESTAMP);
INSERT INTO ECMS_D_ST_MONITOREVICE_BIND_D (id,monitor_id,device_id,bind_status,bind_time,deleted,created_on,updated_on) VALUES (8870014,8860014,8850014,1,CURRENT_TIMESTAMP,0,CURRENT_TIMESTAMP,CURRENT_TIMESTAMP);
INSERT INTO ECMS_D_ST_AREA (id,parent_id,name,type,path_ids,path_names,deleted,sort,created_on,updated_on) VALUES (8840118,8830014,'19层','FLOOR','8800001/8800002/8800003/8800004/8810003/8820014/8830014/8840118','深圳供电局/福田区/香蜜湖街道/香蜜社区/鸣翠居/8栋/1单元/19层',0,19,CURRENT_TIMESTAMP,CURRENT_TIMESTAMP);
INSERT INTO ECMS_D_ST_ORG (id,parent_id,name,type,path_ids,path_names,deleted,sort,created_on,updated_on) VALUES (8840118,8830014,'19层','FLOOR','8800001/8800002/8800003/8800004/8810003/8820014/8830014/8840118','深圳供电局/福田区/香蜜湖街道/香蜜社区/鸣翠居/8栋/1单元/19层',0,19,CURRENT_TIMESTAMP,CURRENT_TIMESTAMP);
INSERT INTO ECMS_D_ST_SHAFT_FLOOR (id,monitor_id,area_id,name,device_id,start_point,end_point,sort,deleted,created_on,updated_on) VALUES (8880118,8860014,8840118,'19层',8850014,0,0,19,0,CURRENT_TIMESTAMP,CURRENT_TIMESTAMP);
INSERT INTO ECMS_D_ST_MONITOR_PARTITION_BIND (id,monitor_id,device_id,shaft_floor_id,partition_id,partition_code,partition_name,data_reference,device_token,partition_no,bind_status,deleted,created_on,updated_on) VALUES (8890118,8860014,8850014,8880118,19,'ft-shaft-dev-0014_TMP_th19','19层分区','/TMP/ft-shaft-dev-0014_TMP_th19','ft-shaft-dev-0014',19,1,0,CURRENT_TIMESTAMP,CURRENT_TIMESTAMP);
UPDATE ECMS_D_ST_MONITOR_PARTITION_BIND SET partition_name = '19层分区[241-248]' WHERE id = 8890118;
INSERT INTO ECMS_D_ST_AREA (id,parent_id,name,type,path_ids,path_names,deleted,sort,created_on,updated_on) VALUES (8840119,8830014,'20层','FLOOR','8800001/8800002/8800003/8800004/8810003/8820014/8830014/8840119','深圳供电局/福田区/香蜜湖街道/香蜜社区/鸣翠居/8栋/1单元/20层',0,20,CURRENT_TIMESTAMP,CURRENT_TIMESTAMP);
INSERT INTO ECMS_D_ST_ORG (id,parent_id,name,type,path_ids,path_names,deleted,sort,created_on,updated_on) VALUES (8840119,8830014,'20层','FLOOR','8800001/8800002/8800003/8800004/8810003/8820014/8830014/8840119','深圳供电局/福田区/香蜜湖街道/香蜜社区/鸣翠居/8栋/1单元/20层',0,20,CURRENT_TIMESTAMP,CURRENT_TIMESTAMP);
INSERT INTO ECMS_D_ST_SHAFT_FLOOR (id,monitor_id,area_id,name,device_id,start_point,end_point,sort,deleted,created_on,updated_on) VALUES (8880119,8860014,8840119,'20层',8850014,0,0,20,0,CURRENT_TIMESTAMP,CURRENT_TIMESTAMP);
INSERT INTO ECMS_D_ST_MONITOR_PARTITION_BIND (id,monitor_id,device_id,shaft_floor_id,partition_id,partition_code,partition_name,data_reference,device_token,partition_no,bind_status,deleted,created_on,updated_on) VALUES (8890119,8860014,8850014,8880119,20,'ft-shaft-dev-0014_TMP_th20','20层分区','/TMP/ft-shaft-dev-0014_TMP_th20','ft-shaft-dev-0014',20,1,0,CURRENT_TIMESTAMP,CURRENT_TIMESTAMP);
UPDATE ECMS_D_ST_MONITOR_PARTITION_BIND SET partition_name = '20层分区[248-265]' WHERE id = 8890119;
INSERT INTO ECMS_D_ST_AREA (id,parent_id,name,type,path_ids,path_names,deleted,sort,created_on,updated_on) VALUES (8840120,8830014,'21层','FLOOR','8800001/8800002/8800003/8800004/8810003/8820014/8830014/8840120','深圳供电局/福田区/香蜜湖街道/香蜜社区/鸣翠居/8栋/1单元/21层',0,21,CURRENT_TIMESTAMP,CURRENT_TIMESTAMP);
INSERT INTO ECMS_D_ST_ORG (id,parent_id,name,type,path_ids,path_names,deleted,sort,created_on,updated_on) VALUES (8840120,8830014,'21层','FLOOR','8800001/8800002/8800003/8800004/8810003/8820014/8830014/8840120','深圳供电局/福田区/香蜜湖街道/香蜜社区/鸣翠居/8栋/1单元/21层',0,21,CURRENT_TIMESTAMP,CURRENT_TIMESTAMP);
INSERT INTO ECMS_D_ST_SHAFT_FLOOR (id,monitor_id,area_id,name,device_id,start_point,end_point,sort,deleted,created_on,updated_on) VALUES (8880120,8860014,8840120,'21层',8850014,0,0,21,0,CURRENT_TIMESTAMP,CURRENT_TIMESTAMP);
INSERT INTO ECMS_D_ST_MONITOR_PARTITION_BIND (id,monitor_id,device_id,shaft_floor_id,partition_id,partition_code,partition_name,data_reference,device_token,partition_no,bind_status,deleted,created_on,updated_on) VALUES (8890120,8860014,8850014,8880120,21,'ft-shaft-dev-0014_TMP_th21','21层分区','/TMP/ft-shaft-dev-0014_TMP_th21','ft-shaft-dev-0014',21,1,0,CURRENT_TIMESTAMP,CURRENT_TIMESTAMP);
UPDATE ECMS_D_ST_MONITOR_PARTITION_BIND SET partition_name = '21层分区[265-270]' WHERE id = 8890120;
INSERT INTO ECMS_D_ST_AREA (id,parent_id,name,type,path_ids,path_names,deleted,sort,created_on,updated_on) VALUES (8840121,8830014,'22层','FLOOR','8800001/8800002/8800003/8800004/8810003/8820014/8830014/8840121','深圳供电局/福田区/香蜜湖街道/香蜜社区/鸣翠居/8栋/1单元/22层',0,22,CURRENT_TIMESTAMP,CURRENT_TIMESTAMP);
INSERT INTO ECMS_D_ST_ORG (id,parent_id,name,type,path_ids,path_names,deleted,sort,created_on,updated_on) VALUES (8840121,8830014,'22层','FLOOR','8800001/8800002/8800003/8800004/8810003/8820014/8830014/8840121','深圳供电局/福田区/香蜜湖街道/香蜜社区/鸣翠居/8栋/1单元/22层',0,22,CURRENT_TIMESTAMP,CURRENT_TIMESTAMP);
INSERT INTO ECMS_D_ST_SHAFT_FLOOR (id,monitor_id,area_id,name,device_id,start_point,end_point,sort,deleted,created_on,updated_on) VALUES (8880121,8860014,8840121,'22层',8850014,0,0,22,0,CURRENT_TIMESTAMP,CURRENT_TIMESTAMP);
INSERT INTO ECMS_D_ST_MONITOR_PARTITION_BIND (id,monitor_id,device_id,shaft_floor_id,partition_id,partition_code,partition_name,data_reference,device_token,partition_no,bind_status,deleted,created_on,updated_on) VALUES (8890121,8860014,8850014,8880121,22,'ft-shaft-dev-0014_TMP_th22','22层分区','/TMP/ft-shaft-dev-0014_TMP_th22','ft-shaft-dev-0014',22,1,0,CURRENT_TIMESTAMP,CURRENT_TIMESTAMP);
UPDATE ECMS_D_ST_MONITOR_PARTITION_BIND SET partition_name = '22层分区[270-276]' WHERE id = 8890121;
INSERT INTO ECMS_D_ST_AREA (id,parent_id,name,type,path_ids,path_names,deleted,sort,created_on,updated_on) VALUES (8840122,8830014,'23层','FLOOR','8800001/8800002/8800003/8800004/8810003/8820014/8830014/8840122','深圳供电局/福田区/香蜜湖街道/香蜜社区/鸣翠居/8栋/1单元/23层',0,23,CURRENT_TIMESTAMP,CURRENT_TIMESTAMP);
INSERT INTO ECMS_D_ST_ORG (id,parent_id,name,type,path_ids,path_names,deleted,sort,created_on,updated_on) VALUES (8840122,8830014,'23层','FLOOR','8800001/8800002/8800003/8800004/8810003/8820014/8830014/8840122','深圳供电局/福田区/香蜜湖街道/香蜜社区/鸣翠居/8栋/1单元/23层',0,23,CURRENT_TIMESTAMP,CURRENT_TIMESTAMP);
INSERT INTO ECMS_D_ST_SHAFT_FLOOR (id,monitor_id,area_id,name,device_id,start_point,end_point,sort,deleted,created_on,updated_on) VALUES (8880122,8860014,8840122,'23层',8850014,0,0,23,0,CURRENT_TIMESTAMP,CURRENT_TIMESTAMP);
INSERT INTO ECMS_D_ST_MONITOR_PARTITION_BIND (id,monitor_id,device_id,shaft_floor_id,partition_id,partition_code,partition_name,data_reference,device_token,partition_no,bind_status,deleted,created_on,updated_on) VALUES (8890122,8860014,8850014,8880122,23,'ft-shaft-dev-0014_TMP_th23','23层分区','/TMP/ft-shaft-dev-0014_TMP_th23','ft-shaft-dev-0014',23,1,0,CURRENT_TIMESTAMP,CURRENT_TIMESTAMP);
UPDATE ECMS_D_ST_MONITOR_PARTITION_BIND SET partition_name = '23层分区[276-281]' WHERE id = 8890122;
INSERT INTO ECMS_D_ST_AREA (id,parent_id,name,type,path_ids,path_names,deleted,sort,created_on,updated_on) VALUES (8840123,8830014,'24层','FLOOR','8800001/8800002/8800003/8800004/8810003/8820014/8830014/8840123','深圳供电局/福田区/香蜜湖街道/香蜜社区/鸣翠居/8栋/1单元/24层',0,24,CURRENT_TIMESTAMP,CURRENT_TIMESTAMP);
INSERT INTO ECMS_D_ST_ORG (id,parent_id,name,type,path_ids,path_names,deleted,sort,created_on,updated_on) VALUES (8840123,8830014,'24层','FLOOR','8800001/8800002/8800003/8800004/8810003/8820014/8830014/8840123','深圳供电局/福田区/香蜜湖街道/香蜜社区/鸣翠居/8栋/1单元/24层',0,24,CURRENT_TIMESTAMP,CURRENT_TIMESTAMP);
INSERT INTO ECMS_D_ST_SHAFT_FLOOR (id,monitor_id,area_id,name,device_id,start_point,end_point,sort,deleted,created_on,updated_on) VALUES (8880123,8860014,8840123,'24层',8850014,0,0,24,0,CURRENT_TIMESTAMP,CURRENT_TIMESTAMP);
INSERT INTO ECMS_D_ST_MONITOR_PARTITION_BIND (id,monitor_id,device_id,shaft_floor_id,partition_id,partition_code,partition_name,data_reference,device_token,partition_no,bind_status,deleted,created_on,updated_on) VALUES (8890123,8860014,8850014,8880123,24,'ft-shaft-dev-0014_TMP_th24','24层分区','/TMP/ft-shaft-dev-0014_TMP_th24','ft-shaft-dev-0014',24,1,0,CURRENT_TIMESTAMP,CURRENT_TIMESTAMP);
UPDATE ECMS_D_ST_MONITOR_PARTITION_BIND SET partition_name = '24层分区[281-286]' WHERE id = 8890123;
INSERT INTO ECMS_D_ST_AREA (id,parent_id,name,type,path_ids,path_names,deleted,sort,created_on,updated_on) VALUES (8840124,8830014,'25层','FLOOR','8800001/8800002/8800003/8800004/8810003/8820014/8830014/8840124','深圳供电局/福田区/香蜜湖街道/香蜜社区/鸣翠居/8栋/1单元/25层',0,25,CURRENT_TIMESTAMP,CURRENT_TIMESTAMP);
INSERT INTO ECMS_D_ST_ORG (id,parent_id,name,type,path_ids,path_names,deleted,sort,created_on,updated_on) VALUES (8840124,8830014,'25层','FLOOR','8800001/8800002/8800003/8800004/8810003/8820014/8830014/8840124','深圳供电局/福田区/香蜜湖街道/香蜜社区/鸣翠居/8栋/1单元/25层',0,25,CURRENT_TIMESTAMP,CURRENT_TIMESTAMP);
INSERT INTO ECMS_D_ST_SHAFT_FLOOR (id,monitor_id,area_id,name,device_id,start_point,end_point,sort,deleted,created_on,updated_on) VALUES (8880124,8860014,8840124,'25层',8850014,0,0,25,0,CURRENT_TIMESTAMP,CURRENT_TIMESTAMP);
INSERT INTO ECMS_D_ST_MONITOR_PARTITION_BIND (id,monitor_id,device_id,shaft_floor_id,partition_id,partition_code,partition_name,data_reference,device_token,partition_no,bind_status,deleted,created_on,updated_on) VALUES (8890124,8860014,8850014,8880124,25,'ft-shaft-dev-0014_TMP_th25','25层分区','/TMP/ft-shaft-dev-0014_TMP_th25','ft-shaft-dev-0014',25,1,0,CURRENT_TIMESTAMP,CURRENT_TIMESTAMP);
UPDATE ECMS_D_ST_MONITOR_PARTITION_BIND SET partition_name = '25层分区[286-296]' WHERE id = 8890124;
INSERT INTO ECMS_D_ST_AREA (id,parent_id,name,type,path_ids,path_names,deleted,sort,created_on,updated_on) VALUES (8840125,8830014,'26层','FLOOR','8800001/8800002/8800003/8800004/8810003/8820014/8830014/8840125','深圳供电局/福田区/香蜜湖街道/香蜜社区/鸣翠居/8栋/1单元/26层',0,26,CURRENT_TIMESTAMP,CURRENT_TIMESTAMP);
INSERT INTO ECMS_D_ST_ORG (id,parent_id,name,type,path_ids,path_names,deleted,sort,created_on,updated_on) VALUES (8840125,8830014,'26层','FLOOR','8800001/8800002/8800003/8800004/8810003/8820014/8830014/8840125','深圳供电局/福田区/香蜜湖街道/香蜜社区/鸣翠居/8栋/1单元/26层',0,26,CURRENT_TIMESTAMP,CURRENT_TIMESTAMP);
INSERT INTO ECMS_D_ST_SHAFT_FLOOR (id,monitor_id,area_id,name,device_id,start_point,end_point,sort,deleted,created_on,updated_on) VALUES (8880125,8860014,8840125,'26层',8850014,0,0,26,0,CURRENT_TIMESTAMP,CURRENT_TIMESTAMP);
INSERT INTO ECMS_D_ST_MONITOR_PARTITION_BIND (id,monitor_id,device_id,shaft_floor_id,partition_id,partition_code,partition_name,data_reference,device_token,partition_no,bind_status,deleted,created_on,updated_on) VALUES (8890125,8860014,8850014,8880125,26,'ft-shaft-dev-0014_TMP_th26','26层分区','/TMP/ft-shaft-dev-0014_TMP_th26','ft-shaft-dev-0014',26,1,0,CURRENT_TIMESTAMP,CURRENT_TIMESTAMP);
UPDATE ECMS_D_ST_MONITOR_PARTITION_BIND SET partition_name = '26层分区[296-301]' WHERE id = 8890125;
INSERT INTO ECMS_D_ST_AREA (id,parent_id,name,type,path_ids,path_names,deleted,sort,created_on,updated_on) VALUES (8840126,8830014,'27层','FLOOR','8800001/8800002/8800003/8800004/8810003/8820014/8830014/8840126','深圳供电局/福田区/香蜜湖街道/香蜜社区/鸣翠居/8栋/1单元/27层',0,27,CURRENT_TIMESTAMP,CURRENT_TIMESTAMP);
INSERT INTO ECMS_D_ST_ORG (id,parent_id,name,type,path_ids,path_names,deleted,sort,created_on,updated_on) VALUES (8840126,8830014,'27层','FLOOR','8800001/8800002/8800003/8800004/8810003/8820014/8830014/8840126','深圳供电局/福田区/香蜜湖街道/香蜜社区/鸣翠居/8栋/1单元/27层',0,27,CURRENT_TIMESTAMP,CURRENT_TIMESTAMP);
INSERT INTO ECMS_D_ST_SHAFT_FLOOR (id,monitor_id,area_id,name,device_id,start_point,end_point,sort,deleted,created_on,updated_on) VALUES (8880126,8860014,8840126,'27层',8850014,0,0,27,0,CURRENT_TIMESTAMP,CURRENT_TIMESTAMP);
INSERT INTO ECMS_D_ST_MONITOR_PARTITION_BIND (id,monitor_id,device_id,shaft_floor_id,partition_id,partition_code,partition_name,data_reference,device_token,partition_no,bind_status,deleted,created_on,updated_on) VALUES (8890126,8860014,8850014,8880126,27,'ft-shaft-dev-0014_TMP_th27','27层分区','/TMP/ft-shaft-dev-0014_TMP_th27','ft-shaft-dev-0014',27,1,0,CURRENT_TIMESTAMP,CURRENT_TIMESTAMP);
UPDATE ECMS_D_ST_MONITOR_PARTITION_BIND SET partition_name = '27层分区[301-305]' WHERE id = 8890126;

COMMIT;

-- 统计检查
SELECT 'AREA' tag, COUNT(*) cnt FROM ECMS_D_ST_AREA WHERE id BETWEEN 8800001 AND 8899999
UNION ALL SELECT 'ORG', COUNT(*) FROM ECMS_D_ST_ORG WHERE id BETWEEN 8800001 AND 8899999
UNION ALL SELECT 'DEVICE', COUNT(*) FROM ECMS_D_ST_SHAFTEVICE_D WHERE id BETWEEN 8850001 AND 8859999
UNION ALL SELECT 'MONITOR', COUNT(*) FROM ECMS_D_ST_MONITOR WHERE id BETWEEN 8860001 AND 8869999
UNION ALL SELECT 'SHAFT_FLOOR', COUNT(*) FROM ECMS_D_ST_SHAFT_FLOOR WHERE id BETWEEN 8880001 AND 8889999
UNION ALL SELECT 'MONITOR_DEVICE_BIND', COUNT(*) FROM ECMS_D_ST_MONITOREVICE_BIND_D WHERE id BETWEEN 8870001 AND 8879999
UNION ALL SELECT 'MONITOR_PARTITION_BIND', COUNT(*) FROM ECMS_D_ST_MONITOR_PARTITION_BIND WHERE id BETWEEN 8890001 AND 8899999;
